address,URL,latitude,longitude,town,postal_number
: Akureyrarkirkja,https://arnorbl.blog.is/blog/arnorbl/entry/982836/,65.6799121,-18.090781,Akureyri,600
: Aðalstræti 10,https://arnorbl.blog.is/blog/arnorbl/entry/1087390/,64.1477901,-21.9422891,Akureyri,600
: Aðalstræti 13,https://arnorbl.blog.is/blog/arnorbl/entry/917487/,64.1474009,-21.9421593,Akureyri,600
: Aðalstræti 14,https://arnorbl.blog.is/blog/arnorbl/entry/932275/,64.147506,-21.942364,Akureyri,600
: Aðalstræti 15,https://arnorbl.blog.is/blog/arnorbl/entry/988205/,64.1474009,-21.9421592,Akureyri,600
: Aðalstræti 16,https://arnorbl.blog.is/blog/arnorbl/entry/915545/,64.147399,-21.942501,Akureyri,600
: Aðalstræti 17.,http://www.arnorbl.blog.is/blog/arnorbl/entry/1401692/,64.1474009,-21.9421593,Akureyri,600
: Aðalstræti 2,http://www.arnorbl.blog.is/blog/arnorbl/entry/1400306/,64.1484705,-21.9417041,Akureyri,600
: Aðalstræti 20,http://www.arnorbl.blog.is/blog/arnorbl/entry/1404935/,64.1474176,-21.9426011,Akureyri,600
: Aðalstræti 21,http://arnorbl.blog.is/blog/arnorbl/entry/1407161/,66.1573373,-23.2496132,,415
: Aðalstræti 24,https://arnorbl.blog.is/blog/arnorbl/entry/1294064/,66.1570772,-23.2505755,,415
: Aðalstræti 28,http://arnorbl.blog.is/blog/arnorbl/entry/1417718/,64.1474176,-21.9426011,Akureyri,600
: Aðalstræti 32,https://arnorbl.blog.is/blog/arnorbl/entry/1117024/,64.1474176,-21.9426011,Akureyri,600
: Aðalstræti 34,https://arnorbl.blog.is/blog/arnorbl/entry/1114781/,64.1474176,-21.9426011,Akureyri,600
: Aðalstræti 36,https://arnorbl.blog.is/blog/arnorbl/entry/1122927/,64.1474176,-21.9426011,Akureyri,600
: Aðalstræti 38,https://arnorbl.blog.is/blog/arnorbl/entry/1061654/,64.1474176,-21.9426011,Akureyri,600
: Aðalstræti 42,http://www.arnorbl.blog.is/blog/arnorbl/entry/1391175/,64.1474176,-21.9426011,Akureyri,600
: Aðalstræti 44,https://arnorbl.blog.is/blog/arnorbl/entry/1008620/,64.1474176,-21.9426011,Akureyri,600
: Aðalstræti 46,https://arnorbl.blog.is/blog/arnorbl/entry/971867/,64.1483876,-21.9423821,Akureyri,600
: Aðalstræti 50,https://arnorbl.blog.is/blog/arnorbl/entry/968355/,64.1474176,-21.9426011,Akureyri,600
: Aðalstræti 52,https://arnorbl.blog.is/blog/arnorbl/entry/1064867/,64.1474176,-21.9426011,Akureyri,600
: Aðalstræti 54,https://arnorbl.blog.is/blog/arnorbl/entry/1058726/,64.1474176,-21.9426011,Akureyri,600
: Aðalstræti 54b,http://arnorbl.blog.is/blog/arnorbl/entry/1478906/,64.1474176,-21.9426011,Akureyri,600
: Aðalstræti 58,https://arnorbl.blog.is/blog/arnorbl/entry/1305868/,64.1474176,-21.9426011,Akureyri,600
: Aðalstræti 6,https://arnorbl.blog.is/blog/arnorbl/entry/1099246/,64.1484482,-21.9416137,Akureyri,600
: Aðalstræti 62,https://arnorbl.blog.is/blog/arnorbl/entry/1126512/,64.1474176,-21.9426011,Akureyri,600
: Aðalstræti 63,https://arnorbl.blog.is/blog/arnorbl/entry/1061272/,64.1474009,-21.9421593,Akureyri,600
: Aðalstræti 66,https://arnorbl.blog.is/blog/arnorbl/entry/1002581/,64.1474176,-21.9426011,Akureyri,600
: Aðalstræti 72,https://arnorbl.blog.is/blog/arnorbl/entry/1307757/,64.1474176,-21.9426011,Akureyri,600
: Aðalstræti 74,https://arnorbl.blog.is/blog/arnorbl/entry/1132160/,64.1474176,-21.9426011,Akureyri,600
: Aðalstræti 80,https://arnorbl.blog.is/blog/arnorbl/entry/1125277/,64.1474176,-21.9426011,Akureyri,600
: Aðalstræti 82,https://arnorbl.blog.is/blog/arnorbl/entry/2189025/,64.1474176,-21.9426011,Akureyri,600
: Bakki í Grindavík,https://arnorbl.blog.is/blog/arnorbl/entry/2199936/,63.8433896,-22.4359996,,
: Bifreiðastöð Oddeyrar,https://arnorbl.blog.is/blog/arnorbl/entry/1031974/,,,,600
: Bjarkarstígur 1,https://arnorbl.blog.is/blog/arnorbl/entry/2224846/,65.6827903,-18.0964386,Akureyri,600
: Bjarkarstígur 2,https://arnorbl.blog.is/blog/arnorbl/entry/2225098/,65.6831752,-18.0966793,Akureyri,600
: Bjarkarstígur 3,https://arnorbl.blog.is/blog/arnorbl/entry/2225304/,65.6827447,-18.0968462,Akureyri,600
: Bjarkarstígur 4,https://arnorbl.blog.is/blog/arnorbl/entry/2225522/,65.6830984,-18.0971703,Akureyri,600
: Bjarkarstígur 5,https://arnorbl.blog.is/blog/arnorbl/entry/2225740/,65.6826705,-18.097241,Akureyri,600
: Bjarkarstígur 7,https://arnorbl.blog.is/blog/arnorbl/entry/2227559/,65.68259,-18.0976796,Akureyri,600
: Bjarmastígur 1,http://arnorbl.blog.is/blog/arnorbl/entry/2164863/,65.6822737,-18.0939417,Akureyri,600
: Bjarmastígur 10,https://arnorbl.blog.is/blog/arnorbl/entry/2206985/,65.6817596,-18.0925605,Akureyri,600
: Bjarmastígur 11,http://arnorbl.blog.is/blog/arnorbl/entry/2173605/,65.6813324,-18.0930043,Akureyri,600
: Bjarmastígur 13,http://arnorbl.blog.is/blog/arnorbl/entry/2174991/,65.6812294,-18.0934198,Akureyri,600
: Bjarmastígur 15,http://arnorbl.blog.is/blog/arnorbl/entry/2175213/,65.6811238,-18.093903,Akureyri,600
: Bjarmastígur 2,https://arnorbl.blog.is/blog/arnorbl/entry/2205432/,65.6825165,-18.0936928,Akureyri,600
: Bjarmastígur 3,http://arnorbl.blog.is/blog/arnorbl/entry/2165552/,65.6820776,-18.0936262,Akureyri,600
: Bjarmastígur 4,https://arnorbl.blog.is/blog/arnorbl/entry/2206179/,65.682359,-18.0934359,Akureyri,600
: Bjarmastígur 5,https://arnorbl.blog.is/blog/arnorbl/entry/2206335/,65.6818747,-18.0934249,Akureyri,600
: Bjarmastígur 6,https://arnorbl.blog.is/blog/arnorbl/entry/2206595/,65.6821993,-18.0931978,Akureyri,600
: Bjarmastígur 7,http://arnorbl.blog.is/blog/arnorbl/entry/2172470/,65.6816111,-18.0930743,Akureyri,600
: Bjarmastígur 8,https://arnorbl.blog.is/blog/arnorbl/entry/2206760/,65.6820164,-18.0929341,Akureyri,600
: Bjarmastígur 9,http://arnorbl.blog.is/blog/arnorbl/entry/2173101/,65.681561,-18.092905,Akureyri,600
: Brekkugata 1,https://arnorbl.blog.is/blog/arnorbl/entry/1272037/,65.6824874,-18.0918324,Akureyri,600
: Brekkugata 10,https://arnorbl.blog.is/blog/arnorbl/entry/1079058/,65.6835372,-18.0931022,Akureyri,600
: Brekkugata 11,https://arnorbl.blog.is/blog/arnorbl/entry/1277019/,65.6830328,-18.092939,Akureyri,600
: Brekkugata 12,https://arnorbl.blog.is/blog/arnorbl/entry/2204268/,65.6836986,-18.0933068,Akureyri,600
: Brekkugata 13,http://arnorbl.blog.is/blog/arnorbl/entry/2161254/,65.683145,-18.093187,Akureyri,600
: Brekkugata 14,https://arnorbl.blog.is/blog/arnorbl/entry/1279887/,65.6839994,-18.0940837,Akureyri,600
: Brekkugata 15,https://arnorbl.blog.is/blog/arnorbl/entry/1279670/,65.6832811,-18.0934295,Akureyri,600
: Brekkugata 1a,https://arnorbl.blog.is/blog/arnorbl/entry/1272114/,65.6824874,-18.0918324,Akureyri,600
: Brekkugata 23,http://arnorbl.blog.is/blog/arnorbl/entry/2166016/,65.684189,-18.0951832,Akureyri,600
: Brekkugata 25,http://arnorbl.blog.is/blog/arnorbl/entry/2166333/,65.6843038,-18.0953969,Akureyri,600
: Brekkugata 27,http://arnorbl.blog.is/blog/arnorbl/entry/2166820/,65.6846312,-18.0960314,Akureyri,600
: Brekkugata 27a,http://arnorbl.blog.is/blog/arnorbl/entry/2166523/,65.6844402,-18.09573,Akureyri,600
: Brekkugata 29,http://arnorbl.blog.is/blog/arnorbl/entry/2166998/,65.6847459,-18.0962737,Akureyri,600
: Brekkugata 3,https://arnorbl.blog.is/blog/arnorbl/entry/1273124/,65.682604,-18.092035,Akureyri,600
: Brekkugata 30,http://arnorbl.blog.is/blog/arnorbl/entry/2169372/,65.685794,-18.0973491,Akureyri,600
: Brekkugata 31,https://arnorbl.blog.is/blog/arnorbl/entry/1079058/,65.6849085,-18.0966229,Akureyri,600
: Brekkugata 32,http://arnorbl.blog.is/blog/arnorbl/entry/2169876/,65.6858939,-18.0978272,Akureyri,600
: Brekkugata 33,http://arnorbl.blog.is/blog/arnorbl/entry/2167462/,65.6850434,-18.0968265,Akureyri,600
: Brekkugata 34,http://arnorbl.blog.is/blog/arnorbl/entry/2171180/,65.686106,-18.0980672,Akureyri,600
: Brekkugata 35,http://arnorbl.blog.is/blog/arnorbl/entry/2167784/,65.6851746,-18.0970513,Akureyri,600
: Brekkugata 37,http://arnorbl.blog.is/blog/arnorbl/entry/2168161/,65.6852986,-18.0972834,Akureyri,600
: Brekkugata 39,http://arnorbl.blog.is/blog/arnorbl/entry/2168560/,65.6854329,-18.097604,Akureyri,600
: Brekkugata 4,http://arnorbl.blog.is/blog/arnorbl/entry/2163094/,65.6831351,-18.0922892,Akureyri,600
: Brekkugata 41,http://arnorbl.blog.is/blog/arnorbl/entry/2168895/,65.6855558,-18.0978361,Akureyri,600
: Brekkugata 43,http://arnorbl.blog.is/blog/arnorbl/entry/2170243/,65.6856993,-18.098138,Akureyri,600
: Brekkugata 45,http://arnorbl.blog.is/blog/arnorbl/entry/2171425/,65.6858248,-18.0983513,Akureyri,600
: Brekkugata 47,http://arnorbl.blog.is/blog/arnorbl/entry/2171680/,65.6859251,-18.0985979,Akureyri,600
: Brekkugata 5,https://arnorbl.blog.is/blog/arnorbl/entry/1072291/,65.6827016,-18.0922689,Akureyri,600
: Brekkugata 5b,http://arnorbl.blog.is/blog/arnorbl/entry/2164122/,65.6827016,-18.0922689,Akureyri,600
: Brekkugata 6,https://arnorbl.blog.is/blog/arnorbl/entry/1274643/,65.6832961,-18.0926077,Akureyri,600
: Brekkugata 7,http://arnorbl.blog.is/blog/arnorbl/entry/2164422/,65.6828025,-18.0925049,Akureyri,600
: Brekkugata 9,https://arnorbl.blog.is/blog/arnorbl/entry/1273845/,65.6828943,-18.0928136,Akureyri,600
: Byggðavegur 142,http://arnorbl.blog.is/blog/arnorbl/entry/1875021/,65.6841811,-18.103275,Akureyri,600
: Eiðsvallagata 1,http://www.arnorbl.blog.is/blog/arnorbl/entry/1498317/,65.686232,-18.088465,Akureyri,600
: Eiðsvallagata 11,http://www.arnorbl.blog.is/blog/arnorbl/entry/1533853/,65.686753,-18.086003,Akureyri,600
: Eiðsvallagata 13,http://www.arnorbl.blog.is/blog/arnorbl/entry/1537331/,65.6868629,-18.0853927,Akureyri,600
: Eiðsvallagata 20,http://www.arnorbl.blog.is/blog/arnorbl/entry/1549796/,65.686152,-18.087837,Akureyri,600
: Eiðsvallagata 22,http://www.arnorbl.blog.is/blog/arnorbl/entry/1564464/,65.6862569,-18.0874467,Akureyri,600
: Eiðsvallagata 24,http://www.arnorbl.blog.is/blog/arnorbl/entry/1564465/,65.6863163,-18.0871551,Akureyri,600
: Eiðsvallagata 26,http://www.arnorbl.blog.is/blog/arnorbl/entry/1564466/,65.6863875,-18.0867307,Akureyri,600
: Eiðsvallagata 28,http://www.arnorbl.blog.is/blog/arnorbl/entry/1574871/,65.6864821,-18.0863502,Akureyri,600
: Eiðsvallagata 3,http://www.arnorbl.blog.is/blog/arnorbl/entry/1506530/,65.686334,-18.087977,Akureyri,600
: Eiðsvallagata 30,http://www.arnorbl.blog.is/blog/arnorbl/entry/1491092/,65.6865716,-18.0858698,Akureyri,600
: Eiðsvallagata 32,http://www.arnorbl.blog.is/blog/arnorbl/entry/1574884/,65.6866446,-18.0853048,Akureyri,600
: Eiðsvallagata 4,http://www.arnorbl.blog.is/blog/arnorbl/entry/1509097/,65.6855783,-18.090733,Akureyri,600
: Eiðsvallagata 5,http://www.arnorbl.blog.is/blog/arnorbl/entry/1513133/,65.686464,-18.087467,Akureyri,600
: Eiðsvallagata 7,https://arnorbl.blog.is/blog/arnorbl/entry/1271295/,65.6865578,-18.0869865,Akureyri,600
: Eiðsvallagata 8,http://www.arnorbl.blog.is/blog/arnorbl/entry/1523028/,65.685762,-18.089773,Akureyri,600
: Eiðsvallagata 9,http://www.arnorbl.blog.is/blog/arnorbl/entry/1533852/,65.6866501,-18.0864125,Akureyri,600
: Eyrarlandsstofa,https://arnorbl.blog.is/blog/arnorbl/entry/1189627/,65.6746963,-18.0937381,Akureyri,600
: Eyrarlandsvegur 12,https://arnorbl.blog.is/blog/arnorbl/entry/1287377/,65.6788019,-18.0915478,Akureyri,600
: Eyrarlandsvegur 14,https://arnorbl.blog.is/blog/arnorbl/entry/1287642/,65.6786262,-18.0916254,Akureyri,600
: Eyrarlandsvegur 16.,https://arnorbl.blog.is/blog/arnorbl/entry/1288145/,65.6784404,-18.0917669,Akureyri,600
: Eyrarlandsvegur 20,https://arnorbl.blog.is/blog/arnorbl/entry/1288988/,65.6782341,-18.0919002,Akureyri,600
: Eyrarlandsvegur 22,https://arnorbl.blog.is/blog/arnorbl/entry/1289926/,65.6780655,-18.0920628,Akureyri,600
: Eyrarlandsvegur 26,https://arnorbl.blog.is/blog/arnorbl/entry/1053900/,65.6776205,-18.0924543,Akureyri,600
: Eyrarlandsvegur 27,http://www.arnorbl.blog.is/blog/arnorbl/entry/1377495/,65.6766633,-18.092141,Akureyri,600
: Eyrarlandsvegur 29,http://www.arnorbl.blog.is/blog/arnorbl/entry/1378212/,65.6765206,-18.0920296,Akureyri,600
: Eyrarlandsvegur 31,http://www.arnorbl.blog.is/blog/arnorbl/entry/1379370/,65.6763733,-18.0919385,Akureyri,600
: Eyrarlandsvegur 33,http://www.arnorbl.blog.is/blog/arnorbl/entry/1380872/,65.676214,-18.0917264,Akureyri,600
: Eyrarvegur 1-3,https://arnorbl.blog.is/blog/arnorbl/entry/2274302/,65.6875509,-18.0944327,Akureyri,600
: Eyrarvegur 10,https://arnorbl.blog.is/blog/arnorbl/entry/2275821/,65.6874138,-18.0924016,Akureyri,600
: Eyrarvegur 12,https://arnorbl.blog.is/blog/arnorbl/entry/2276027/,65.6874118,-18.0917276,Akureyri,600
: Eyrarvegur 13-15,https://arnorbl.blog.is/blog/arnorbl/entry/2276489/,65.6879526,-18.0921472,Akureyri,600
: Eyrarvegur 14,https://arnorbl.blog.is/blog/arnorbl/entry/2276722/,65.6874724,-18.0913824,Akureyri,600
: Eyrarvegur 16,https://arnorbl.blog.is/blog/arnorbl/entry/2277023/,65.6874937,-18.0910457,Akureyri,600
: Eyrarvegur 17-19,https://arnorbl.blog.is/blog/arnorbl/entry/2277198/,65.688045,-18.091458,Akureyri,600
: Eyrarvegur 18,https://arnorbl.blog.is/blog/arnorbl/entry/2277538/,65.6874759,-18.0904415,Akureyri,600
: Eyrarvegur 2,https://arnorbl.blog.is/blog/arnorbl/entry/2274639/,65.6873033,-18.0942001,Akureyri,600
: Eyrarvegur 20,https://arnorbl.blog.is/blog/arnorbl/entry/2277770/,65.6875292,-18.0900859,Akureyri,600
: Eyrarvegur 21-23,https://arnorbl.blog.is/blog/arnorbl/entry/2278049/,65.687769,-18.091034,Akureyri,600
: Eyrarvegur 25-27,https://arnorbl.blog.is/blog/arnorbl/entry/2278304/,65.6878362,-18.090043,Akureyri,600
: Eyrarvegur 25a-27a,https://arnorbl.blog.is/blog/arnorbl/entry/2278408/,65.6878362,-18.090043,Akureyri,600
: Eyrarvegur 29,https://arnorbl.blog.is/blog/arnorbl/entry/2278792/,65.687938,-18.0891288,Akureyri,600
: Eyrarvegur 2a,https://arnorbl.blog.is/blog/arnorbl/entry/2274471/,65.6873016,-18.0941996,Akureyri,600
: Eyrarvegur 31,https://arnorbl.blog.is/blog/arnorbl/entry/2279185/,65.6879789,-18.0884535,Akureyri,600
: Eyrarvegur 33,https://arnorbl.blog.is/blog/arnorbl/entry/2279391/,65.6879718,-18.0877945,Akureyri,600
: Eyrarvegur 35,https://arnorbl.blog.is/blog/arnorbl/entry/2279625/,65.6880307,-18.0872014,Akureyri,600
: Eyrarvegur 37,https://arnorbl.blog.is/blog/arnorbl/entry/2279862/,65.6879961,-18.0866059,Akureyri,600
: Eyrarvegur 4,https://arnorbl.blog.is/blog/arnorbl/entry/2274993/,65.6873259,-18.0933412,Akureyri,600
: Eyrarvegur 5-7,https://arnorbl.blog.is/blog/arnorbl/entry/2275211/,65.6876871,-18.0930186,Akureyri,600
: Eyrarvegur 5a-7a,https://arnorbl.blog.is/blog/arnorbl/entry/2275338/,65.6876871,-18.0930186,Akureyri,600
: Eyrarvegur 6,https://arnorbl.blog.is/blog/arnorbl/entry/2275435/,65.6873702,-18.0929252,Akureyri,600
: Eyrarvegur 8,https://arnorbl.blog.is/blog/arnorbl/entry/2275528/,65.687403,-18.092494,Akureyri,600
: Eyrarvegur 9-11,https://arnorbl.blog.is/blog/arnorbl/entry/2275704/,65.687878,-18.0927923,Akureyri,600
: Fjólugata 1,http://arnorbl.blog.is/blog/arnorbl/entry/1902588/,64.1426545,-21.9381836,Akureyri,600
: Fjólugata 10,http://arnorbl.blog.is/blog/arnorbl/entry/1943177/,64.1416593,-21.9384395,Akureyri,600
: Fjólugata 11,https://arnorbl.blog.is/blog/arnorbl/entry/2209442/,64.141631,-21.937813,Akureyri,600
: Fjólugata 12,https://arnorbl.blog.is/blog/arnorbl/entry/2208767/,64.1413615,-21.9382213,Akureyri,600
: Fjólugata 13,https://arnorbl.blog.is/blog/arnorbl/entry/2210103/,64.1414788,-21.9377477,Akureyri,600
: Fjólugata 14,https://arnorbl.blog.is/blog/arnorbl/entry/2211777/,65.6870582,-18.0918644,Akureyri,600
: Fjólugata 15,https://arnorbl.blog.is/blog/arnorbl/entry/2210835/,64.1413081,-21.9376827,Akureyri,600
: Fjólugata 16,https://arnorbl.blog.is/blog/arnorbl/entry/2212248/,65.686937,-18.0921173,Akureyri,600
: Fjólugata 18,https://arnorbl.blog.is/blog/arnorbl/entry/2212563/,65.6868116,-18.0925122,Akureyri,600
: Fjólugata 2,http://arnorbl.blog.is/blog/arnorbl/entry/1911405/,65.687215,-18.089527,Akureyri,600
: Fjólugata 20,https://arnorbl.blog.is/blog/arnorbl/entry/2213268/,65.6866745,-18.0928557,Akureyri,600
: Fjólugata 3,http://arnorbl.blog.is/blog/arnorbl/entry/1918130/,64.1424208,-21.9385195,Akureyri,600
: Fjólugata 4,http://arnorbl.blog.is/blog/arnorbl/entry/1920095/,65.687257,-18.089924,Akureyri,600
: Fjólugata 5,http://arnorbl.blog.is/blog/arnorbl/entry/1927570/,64.1422441,-21.938476,Akureyri,600
: Fjólugata 6,http://arnorbl.blog.is/blog/arnorbl/entry/1932738/,65.6871918,-18.0902769,Akureyri,600
: Fjólugata 7,http://arnorbl.blog.is/blog/arnorbl/entry/1934913/,64.1421063,-21.9384496,Akureyri,600
: Fjólugata 8,http://arnorbl.blog.is/blog/arnorbl/entry/1943175/,65.687204,-18.090584,Akureyri,600
: Fjólugata 9,http://arnorbl.blog.is/blog/arnorbl/entry/1943176/,64.1418966,-21.9380558,Akureyri,600
: Fjósið,https://arnorbl.blog.is/blog/arnorbl/entry/1192603/,64.1340927,-21.9230078,Akureyri,600
: Freyvangur,https://arnorbl.blog.is/blog/arnorbl/entry/2277349/,65.575795,-18.048986,Eyjafjar�arsveit,605
: Fróðasund 11,https://arnorbl.blog.is/blog/arnorbl/entry/1300554/,65.6856686,-18.0892478,Akureyri,600
: Fróðasund 3,https://arnorbl.blog.is/blog/arnorbl/entry/1284262/,65.6852879,-18.0905396,Akureyri,600
: Fróðasund 4,http://arnorbl.blog.is/blog/arnorbl/entry/1444781/,65.6851421,-18.090153,Akureyri,600
: Fróðasund 9,http://arnorbl.blog.is/blog/arnorbl/entry/1442453/,65.6852878,-18.0905396,Akureyri,600
: Geislagata 12,https://arnorbl.blog.is/blog/arnorbl/entry/2253037/,65.6840696,-18.0912096,Akureyri,600
: Geislagata 5,https://arnorbl.blog.is/blog/arnorbl/entry/2257571/,65.683752,-18.09173,Akureyri,600
: Geislagata 9,https://arnorbl.blog.is/blog/arnorbl/entry/2263318/,65.6840596,-18.0918222,Akureyri,600
: Gilsbakkavegur 1,http://arnorbl.blog.is/blog/arnorbl/entry/2138288/,65.6810278,-18.0912728,Akureyri,600
: Gilsbakkavegur 11,https://arnorbl.blog.is/blog/arnorbl/entry/2208267/,65.680412,-18.0933034,Akureyri,600
: Gilsbakkavegur 13,https://arnorbl.blog.is/blog/arnorbl/entry/2208268/,65.6803,-18.093734,Akureyri,600
: Gilsbakkavegur 1a,http://arnorbl.blog.is/blog/arnorbl/entry/2155955/,65.6811741,-18.0914766,Akureyri,600
: Gilsbakkavegur 5,http://arnorbl.blog.is/blog/arnorbl/entry/2159611/,65.6807003,-18.0920018,Akureyri,600
: Gilsbakkavegur 7,https://arnorbl.blog.is/blog/arnorbl/entry/2207917/,65.6806226,-18.0923633,Akureyri,600
: Gilsbakkavegur 9,https://arnorbl.blog.is/blog/arnorbl/entry/2208094/,65.6805447,-18.0927648,Akureyri,600
: Glerárgata 1.,https://arnorbl.blog.is/blog/arnorbl/entry/1285137/,65.6840764,-18.089875,Akureyri,600
: Glerárgata 14,https://arnorbl.blog.is/blog/arnorbl/entry/2253741/,65.6867512,-18.0933871,Akureyri,600
: Glerárgata 16,https://arnorbl.blog.is/blog/arnorbl/entry/2253969/,65.6868585,-18.0937885,Akureyri,600
: Glerárgata 18,https://arnorbl.blog.is/blog/arnorbl/entry/2254285/,65.6869463,-18.0941284,Akureyri,600
: Glerárgata 5,http://arnorbl.blog.is/blog/arnorbl/entry/2163994/,65.6842562,-18.0906935,Akureyri,600
: Grundargata 1,https://arnorbl.blog.is/blog/arnorbl/entry/1302502/,64.9225281,-23.2544457,Akureyri,600
: Grundargata 3,https://arnorbl.blog.is/blog/arnorbl/entry/1302503/,64.9225281,-23.2544457,Akureyri,600
: Grundargata 4,https://arnorbl.blog.is/blog/arnorbl/entry/1302504/,64.9223697,-23.2540255,Akureyri,600
: Grundargata 5,https://arnorbl.blog.is/blog/arnorbl/entry/1303267/,64.922304,-23.254673,Akureyri,600
: Grundargata 6,https://arnorbl.blog.is/blog/arnorbl/entry/1303267/,64.922522,-23.254271,Akureyri,600
: Grundargata 7,https://arnorbl.blog.is/blog/arnorbl/entry/2204914/,64.922652,-23.25517,Akureyri,600
: Gránufélagsgata 16,http://arnorbl.blog.is/blog/arnorbl/entry/2160748/,65.685611,-18.085433,Akureyri,600
: Gránufélagsgata 18,https://arnorbl.blog.is/blog/arnorbl/entry/1181645/,65.685638,-18.085224,Akureyri,600
: Gránufélagsgata 19,http://arnorbl.blog.is/blog/arnorbl/entry/1447475/,65.6849103,-18.0897273,Akureyri,600
: Gránufélagsgata 20,https://arnorbl.blog.is/blog/arnorbl/entry/1283650/,65.6856744,-18.0851139,Akureyri,600
: Gránufélagsgata 21,https://arnorbl.blog.is/blog/arnorbl/entry/1300166/,65.685167,-18.088668,Akureyri,600
: Gránufélagsgata 22,https://arnorbl.blog.is/blog/arnorbl/entry/1222920/,65.6857761,-18.0845071,Akureyri,600
: Gránufélagsgata 23,http://arnorbl.blog.is/blog/arnorbl/entry/2160429/,65.685251,-18.088239,Akureyri,600
: Gránufélagsgata 27,https://arnorbl.blog.is/blog/arnorbl/entry/1226103/,65.6853763,-18.0873871,Akureyri,600
: Gránufélagsgata 29,https://arnorbl.blog.is/blog/arnorbl/entry/1282897/,65.6857606,-18.085562,Akureyri,600
: Gránufélagsgata 35,https://arnorbl.blog.is/blog/arnorbl/entry/1219417/,65.6861,-18.084226,Akureyri,600
: Gránufélagsgata 4,https://arnorbl.blog.is/blog/arnorbl/entry/2256013/,65.6846834,-18.0896636,Akureyri,600
: Gránufélagsgata 43,https://arnorbl.blog.is/blog/arnorbl/entry/1150170/,65.6857277,-18.0858545,Akureyri,600
: Gránufélagsgata 45,https://arnorbl.blog.is/blog/arnorbl/entry/2257290/,65.686702,-18.081853,Akureyri,600
: Gránufélagsgata 46,https://arnorbl.blog.is/blog/arnorbl/entry/2256850/,65.6865366,-18.0808646,Akureyri,600
: Gránufélagsgata 47,https://arnorbl.blog.is/blog/arnorbl/entry/2257125/,65.68672,-18.081145,Akureyri,600
: Gránufélagsgata 48,http://arnorbl.blog.is/blog/arnorbl/entry/2240661/,65.6866111,-18.0805489,Akureyri,600
: Gránufélagsgata 49,https://arnorbl.blog.is/blog/arnorbl/entry/2256382/,65.686817,-18.080566,Akureyri,600
: Gránufélagsgata 7,http://arnorbl.blog.is/blog/arnorbl/entry/1970464/,65.6849103,-18.0897273,Akureyri,600
: Grænagata 12,https://arnorbl.blog.is/blog/arnorbl/entry/2255474/,65.686652,-18.090353,Akureyri,600
: Grænagata 2,https://arnorbl.blog.is/blog/arnorbl/entry/2254777/,65.6863308,-18.0919845,Akureyri,600
: Grænagata 4-6,https://arnorbl.blog.is/blog/arnorbl/entry/2255150/,65.686438,-18.0914255,Akureyri,600
: Grænagata 8-10,https://arnorbl.blog.is/blog/arnorbl/entry/2255351/,65.686512,-18.090976,Akureyri,600
: Hafnarstræti 100.,http://www.arnorbl.blog.is/blog/arnorbl/entry/1383141/,65.6816115,-18.0899533,Akureyri,600
: Hafnarstræti 102.,http://www.arnorbl.blog.is/blog/arnorbl/entry/1356274/,65.6819272,-18.090127,Akureyri,600
: Hafnarstræti 106,https://arnorbl.blog.is/blog/arnorbl/entry/1276305/,65.682139,-18.090708,Akureyri,600
: Hafnarstræti 107,https://arnorbl.blog.is/blog/arnorbl/entry/2259201/,65.6822186,-18.0915498,Akureyri,600
: Hafnarstræti 13,https://arnorbl.blog.is/blog/arnorbl/entry/2199127/,65.6720923,-18.0861626,Akureyri,600
: Hafnarstræti 17,https://arnorbl.blog.is/blog/arnorbl/entry/2258311/,65.6724096,-18.086279,Akureyri,600
: Hafnarstræti 18;,https://arnorbl.blog.is/blog/arnorbl/entry/2281688/,65.6728139,-18.0855315,Akureyri,600
: Hafnarstræti 19,https://arnorbl.blog.is/blog/arnorbl/entry/1063869/,65.6728603,-18.0871551,Akureyri,600
: Hafnarstræti 2,https://arnorbl.blog.is/blog/arnorbl/entry/1292770/,65.670813,-18.086166,Akureyri,600
: Hafnarstræti 21,https://arnorbl.blog.is/blog/arnorbl/entry/2258451/,65.6730858,-18.0873255,Akureyri,600
: Hafnarstræti 23,https://arnorbl.blog.is/blog/arnorbl/entry/1090511/,65.6734521,-18.087602,Akureyri,600
: Hafnarstræti 23b,https://arnorbl.blog.is/blog/arnorbl/entry/2258452/,65.6734521,-18.087602,Akureyri,600
: Hafnarstræti 25,https://arnorbl.blog.is/blog/arnorbl/entry/1322844/,65.6736502,-18.0876925,Akureyri,600
: Hafnarstræti 29,https://arnorbl.blog.is/blog/arnorbl/entry/1314700/,65.6739203,-18.0881008,Akureyri,600
: Hafnarstræti 29-41,https://arnorbl.blog.is/blog/arnorbl/entry/910739/,65.6739203,-18.0881008,Akureyri,600
: Hafnarstræti 3,https://arnorbl.blog.is/blog/arnorbl/entry/985046/,65.6711802,-18.08661,Akureyri,600
: Hafnarstræti 31,https://arnorbl.blog.is/blog/arnorbl/entry/1316691/,65.6740943,-18.0882471,Akureyri,600
: Hafnarstræti 33.,https://arnorbl.blog.is/blog/arnorbl/entry/1316691/,65.6741705,-18.0883581,Akureyri,600
: Hafnarstræti 35,https://arnorbl.blog.is/blog/arnorbl/entry/1316966/,65.6744335,-18.0886781,Akureyri,600
: Hafnarstræti 37,https://arnorbl.blog.is/blog/arnorbl/entry/1316967/,65.6745231,-18.0885631,Akureyri,600
: Hafnarstræti 39,https://arnorbl.blog.is/blog/arnorbl/entry/1316967/,65.6747189,-18.088708,Akureyri,600
: Hafnarstræti 41,https://arnorbl.blog.is/blog/arnorbl/entry/1316968/,65.6748825,-18.0887849,Akureyri,600
: Hafnarstræti 45,https://arnorbl.blog.is/blog/arnorbl/entry/1320598/,65.6752076,-18.0893408,Akureyri,600
: Hafnarstræti 53,https://arnorbl.blog.is/blog/arnorbl/entry/929658/,65.6765246,-18.0900179,Akureyri,600
: Hafnarstræti 57,https://arnorbl.blog.is/blog/arnorbl/entry/928582/,65.6770317,-18.0898053,Akureyri,600
: Hafnarstræti 6,https://arnorbl.blog.is/blog/arnorbl/entry/2259267/,65.671213,-18.085565,Akureyri,600
: Hafnarstræti 63;,https://arnorbl.blog.is/blog/arnorbl/entry/1183538/,65.6776938,-18.0898597,Akureyri,600
: Hafnarstræti 67.,https://arnorbl.blog.is/blog/arnorbl/entry/1075776/,65.6782641,-18.0897688,Akureyri,600
: Hafnarstræti 7,https://arnorbl.blog.is/blog/arnorbl/entry/2257848/,65.6715471,-18.0862878,Akureyri,600
: Hafnarstræti 71,https://arnorbl.blog.is/blog/arnorbl/entry/1143827/,65.678687,-18.089768,Akureyri,600
: Hafnarstræti 73.,https://arnorbl.blog.is/blog/arnorbl/entry/1044693/,65.6788887,-18.0897443,Akureyri,600
: Hafnarstræti 77,https://arnorbl.blog.is/blog/arnorbl/entry/1049483/,65.6792924,-18.0896209,Akureyri,600
: Hafnarstræti 79,https://arnorbl.blog.is/blog/arnorbl/entry/1144067/,65.6794337,-18.0896158,Akureyri,600
: Hafnarstræti 81,https://arnorbl.blog.is/blog/arnorbl/entry/2258566/,65.6800516,-18.0892607,Akureyri,600
: Hafnarstræti 82,https://arnorbl.blog.is/blog/arnorbl/entry/1042507/,65.6793419,-18.0890252,Akureyri,600
: Hafnarstræti 83,https://arnorbl.blog.is/blog/arnorbl/entry/2258779/,65.680144,-18.089297,Akureyri,600
: Hafnarstræti 85-89;,https://arnorbl.blog.is/blog/arnorbl/entry/1207632/,65.6802831,-18.0892933,Akureyri,600
: Hafnarstræti 86,https://arnorbl.blog.is/blog/arnorbl/entry/1048989/,65.6799971,-18.0887921,Akureyri,600
: Hafnarstræti 86a,https://arnorbl.blog.is/blog/arnorbl/entry/1072665/,65.6797371,-18.0888872,Akureyri,600
: Hafnarstræti 88,https://arnorbl.blog.is/blog/arnorbl/entry/1084091/,65.6803065,-18.0888174,Akureyri,600
: Hafnarstræti 9,https://arnorbl.blog.is/blog/arnorbl/entry/2258124/,65.6717366,-18.0862688,Akureyri,600
: Hafnarstræti 90,https://arnorbl.blog.is/blog/arnorbl/entry/991308/,65.6805315,-18.0888581,Akureyri,600
: Hafnarstræti 92,https://arnorbl.blog.is/blog/arnorbl/entry/1038569/,65.6808347,-18.0890245,Akureyri,600
: Hafnarstræti 96; París,https://arnorbl.blog.is/blog/arnorbl/entry/934954/,48.8575475,2.3513765,,
: Hafnarstræti 97,https://arnorbl.blog.is/blog/arnorbl/entry/2258989/,65.681374,-18.090547,Akureyri,600
: Hafnarstræti 98,https://arnorbl.blog.is/blog/arnorbl/entry/938351/,65.681452,-18.089802,Akureyri,600
: Hafnarstræti 99-101;,https://arnorbl.blog.is/blog/arnorbl/entry/1135290/,64.1480818,-21.9389677,Akureyri,600
: Hafnarstræti 11,https://arnorbl.blog.is/blog/arnorbl/entry/924390/,65.671894,-18.08615,Akureyri,600
: Hamarstígur 1,https://arnorbl.blog.is/blog/arnorbl/entry/2194617/,65.6814604,-18.095407,Akureyri,600
: Hamarstígur 10,http://arnorbl.blog.is/blog/arnorbl/entry/2237520/,65.6814628,-18.0987428,Akureyri,600
: Hamarstígur 12,https://arnorbl.blog.is/blog/arnorbl/entry/2245876/,65.68148,-18.099431,Akureyri,600
: Hamarstígur 2,https://arnorbl.blog.is/blog/arnorbl/entry/2191185/,65.6817956,-18.0963576,Akureyri,600
: Hamarstígur 3,https://arnorbl.blog.is/blog/arnorbl/entry/2194824/,65.6814531,-18.0959845,Akureyri,600
: Hamarstígur 6,https://arnorbl.blog.is/blog/arnorbl/entry/2192171/,65.6816484,-18.0974376,Akureyri,600
: Hamarstígur 8,https://arnorbl.blog.is/blog/arnorbl/entry/2195292/,65.6815694,-18.0979535,Akureyri,600
: Helgamagrastræti 1,http://arnorbl.blog.is/blog/arnorbl/entry/2235080/,65.6799261,-18.0985947,Akureyri,600
: Helgamagrastræti 10,http://arnorbl.blog.is/blog/arnorbl/entry/2236550/,65.6810108,-18.0980452,Akureyri,600
: Helgamagrastræti 11,http://arnorbl.blog.is/blog/arnorbl/entry/2236703/,65.680817,-18.0986831,Akureyri,600
: Helgamagrastræti 12,http://arnorbl.blog.is/blog/arnorbl/entry/2237047/,65.6812201,-18.0981401,Akureyri,600
: Helgamagrastræti 13,http://arnorbl.blog.is/blog/arnorbl/entry/2237207/,65.6810167,-18.0986607,Akureyri,600
: Helgamagrastræti 15,http://arnorbl.blog.is/blog/arnorbl/entry/2237396/,65.6811963,-18.0987315,Akureyri,600
: Helgamagrastræti 19,http://arnorbl.blog.is/blog/arnorbl/entry/2237702/,65.6818909,-18.0988019,Akureyri,600
: Helgamagrastræti 2,http://arnorbl.blog.is/blog/arnorbl/entry/2235371/,65.6800714,-18.0980438,Akureyri,600
: Helgamagrastræti 20,http://arnorbl.blog.is/blog/arnorbl/entry/2237872/,65.6817724,-18.098031,Akureyri,600
: Helgamagrastræti 21,http://arnorbl.blog.is/blog/arnorbl/entry/2238088/,65.682068,-18.0988122,Akureyri,600
: Helgamagrastræti 22,http://arnorbl.blog.is/blog/arnorbl/entry/2238293/,65.6819807,-18.098022,Akureyri,600
: Helgamagrastræti 23,http://arnorbl.blog.is/blog/arnorbl/entry/2238405/,65.6822859,-18.0988316,Akureyri,600
: Helgamagrastræti 24,http://arnorbl.blog.is/blog/arnorbl/entry/2238550/,65.6821508,-18.0980714,Akureyri,600
: Helgamagrastræti 25,http://arnorbl.blog.is/blog/arnorbl/entry/2238788/,65.6824967,-18.0988226,Akureyri,600
: Helgamagrastræti 26,http://arnorbl.blog.is/blog/arnorbl/entry/2239002/,65.6823295,-18.0981352,Akureyri,600
: Helgamagrastræti 27,http://arnorbl.blog.is/blog/arnorbl/entry/2238787/,65.6828166,-18.0989162,Akureyri,600
: Helgamagrastræti 28,http://arnorbl.blog.is/blog/arnorbl/entry/2239419/,65.682534,-18.0981363,Akureyri,600
: Helgamagrastræti 3,http://arnorbl.blog.is/blog/arnorbl/entry/2235538/,65.6801176,-18.0986723,Akureyri,600
: Helgamagrastræti 30,http://arnorbl.blog.is/blog/arnorbl/entry/2240784/,65.682831,-18.0981676,Akureyri,600
: Helgamagrastræti 32,http://arnorbl.blog.is/blog/arnorbl/entry/2241113/,65.6830142,-18.0981839,Akureyri,600
: Helgamagrastræti 34,http://arnorbl.blog.is/blog/arnorbl/entry/2241373/,65.683199,-18.09821,Akureyri,600
: Helgamagrastræti 36,http://arnorbl.blog.is/blog/arnorbl/entry/2241672/,65.6834078,-18.0982292,Akureyri,600
: Helgamagrastræti 38,http://arnorbl.blog.is/blog/arnorbl/entry/2241930/,65.683584,-18.0982686,Akureyri,600
: Helgamagrastræti 4,http://arnorbl.blog.is/blog/arnorbl/entry/2235683/,65.680345,-18.0980245,Akureyri,600
: Helgamagrastræti 40,http://arnorbl.blog.is/blog/arnorbl/entry/2242194/,65.6837592,-18.0982736,Akureyri,600
: Helgamagrastræti 42,http://arnorbl.blog.is/blog/arnorbl/entry/2242510/,65.6839622,-18.098268,Akureyri,600
: Helgamagrastræti 43,http://arnorbl.blog.is/blog/arnorbl/entry/2242639/,65.6841626,-18.0990751,Akureyri,600
: Helgamagrastræti 44,http://arnorbl.blog.is/blog/arnorbl/entry/2242868/,65.6841039,-18.0982903,Akureyri,600
: Helgamagrastræti 45,http://arnorbl.blog.is/blog/arnorbl/entry/2242960/,65.684197,-18.09903,Akureyri,600
: Helgamagrastræti 46,http://arnorbl.blog.is/blog/arnorbl/entry/2243093/,65.6843064,-18.0984657,Akureyri,600
: Helgamagrastræti 47,http://arnorbl.blog.is/blog/arnorbl/entry/2243172/,65.684411,-18.099062,Akureyri,600
: Helgamagrastræti 48,http://arnorbl.blog.is/blog/arnorbl/entry/2243234/,65.6844912,-18.0984627,Akureyri,600
: Helgamagrastræti 49,http://arnorbl.blog.is/blog/arnorbl/entry/2243235/,65.6846018,-18.0990944,Akureyri,600
: Helgamagrastræti 5,http://arnorbl.blog.is/blog/arnorbl/entry/2235899/,65.680294,-18.0986371,Akureyri,600
: Helgamagrastræti 50,http://arnorbl.blog.is/blog/arnorbl/entry/2243236/,65.6846719,-18.0985024,Akureyri,600
: Helgamagrastræti 51,http://arnorbl.blog.is/blog/arnorbl/entry/2243237/,65.6847972,-18.0991086,Akureyri,600
: Helgamagrastræti 53,http://arnorbl.blog.is/blog/arnorbl/entry/2243238/,65.685128,-18.0998315,Akureyri,600
: Helgamagrastræti 6,https://arnorbl.blog.is/blog/arnorbl/entry/1194801/,65.6805038,-18.0980139,Akureyri,600
: Helgamagrastræti 7,http://arnorbl.blog.is/blog/arnorbl/entry/2236229/,65.680463,-18.0986327,Akureyri,600
: Helgamagrastræti 9,http://arnorbl.blog.is/blog/arnorbl/entry/2236393/,65.6806439,-18.0987041,Akureyri,600
: Hlíðargata 1,http://arnorbl.blog.is/blog/arnorbl/entry/2228606/,65.6805249,-18.0963615,Akureyri,600
: Hlíðargata 10,http://arnorbl.blog.is/blog/arnorbl/entry/2230308/,65.6812895,-18.0958902,Akureyri,600
: Hlíðargata 11,http://arnorbl.blog.is/blog/arnorbl/entry/2230447/,65.6814914,-18.096382,Akureyri,600
: Hlíðargata 3,http://arnorbl.blog.is/blog/arnorbl/entry/2228781/,65.6807258,-18.0963425,Akureyri,600
: Hlíðargata 4,http://arnorbl.blog.is/blog/arnorbl/entry/2229053/,65.6807336,-18.095829,Akureyri,600
: Hlíðargata 5,http://arnorbl.blog.is/blog/arnorbl/entry/2229186/,65.6809087,-18.0963635,Akureyri,600
: Hlíðargata 6,http://arnorbl.blog.is/blog/arnorbl/entry/2229391/,65.6809052,-18.0958499,Akureyri,600
: Hlíðargata 7,http://arnorbl.blog.is/blog/arnorbl/entry/2229684/,65.681106,-18.096398,Akureyri,600
: Hlíðargata 8,http://arnorbl.blog.is/blog/arnorbl/entry/2229891/,65.6810881,-18.0958915,Akureyri,600
: Hlíðargata 9,http://arnorbl.blog.is/blog/arnorbl/entry/2230178/,65.681313,-18.0963971,Akureyri,600
: Hofsbót 4,https://arnorbl.blog.is/blog/arnorbl/entry/2262787/,65.6827899,-18.0893559,Akureyri,600
: Holtagata 1,http://arnorbl.blog.is/blog/arnorbl/entry/2231096/,65.6804098,-18.0973985,Akureyri,600
: Holtagata 10,http://arnorbl.blog.is/blog/arnorbl/entry/2233022/,65.6812005,-18.0969677,Akureyri,600
: Holtagata 11,http://arnorbl.blog.is/blog/arnorbl/entry/2233023/,65.6813195,-18.0974588,Akureyri,600
: Holtagata 12,http://arnorbl.blog.is/blog/arnorbl/entry/2233188/,65.6813832,-18.0970139,Akureyri,600
: Holtagata 2,http://arnorbl.blog.is/blog/arnorbl/entry/2231439/,66.025769,-22.9938347,Akureyri,600
: Holtagata 3,http://arnorbl.blog.is/blog/arnorbl/entry/2231780/,66.0259559,-22.9947056,Akureyri,600
: Holtagata 4,http://arnorbl.blog.is/blog/arnorbl/entry/2231987/,66.0260525,-22.9938918,Akureyri,600
: Holtagata 5,http://arnorbl.blog.is/blog/arnorbl/entry/2232162/,66.0262207,-22.9946941,Akureyri,600
: Holtagata 6,http://arnorbl.blog.is/blog/arnorbl/entry/2232368/,65.6808243,-18.0969921,Akureyri,600
: Holtagata 7,http://arnorbl.blog.is/blog/arnorbl/entry/2232587/,65.6809959,-18.0974287,Akureyri,600
: Holtagata 8,http://arnorbl.blog.is/blog/arnorbl/entry/2232874/,65.6810031,-18.0970093,Akureyri,600
: Holtagata 9,http://arnorbl.blog.is/blog/arnorbl/entry/2232975/,65.6811183,-18.09751,Akureyri,600
: Hrafnagilsstræti 10,http://arnorbl.blog.is/blog/arnorbl/entry/2185935/,65.6773929,-18.0952054,Akureyri,600
: Hrafnagilsstræti 12,https://arnorbl.blog.is/blog/arnorbl/entry/2247651/,65.6774268,-18.095812,Akureyri,600
: Hrafnagilsstræti 14,https://arnorbl.blog.is/blog/arnorbl/entry/2247820/,65.6773472,-18.0962573,Akureyri,600
: Hrafnagilsstræti 2,https://arnorbl.blog.is/blog/arnorbl/entry/2189915/,65.6776069,-18.0928967,Akureyri,600
: Hrafnagilsstræti 4,http://arnorbl.blog.is/blog/arnorbl/entry/2185740/,65.6775363,-18.0934941,Akureyri,600
: Hrafnagilsstræti 6,http://arnorbl.blog.is/blog/arnorbl/entry/2182064/,65.6775045,-18.094027,Akureyri,600
: Hrafnagilsstræti 8,http://arnorbl.blog.is/blog/arnorbl/entry/2180647/,65.6774342,-18.0947188,Akureyri,600
: Hríseyjargata 1,https://arnorbl.blog.is/blog/arnorbl/entry/1154232/,65.685326,-18.084222,Akureyri,600
: Hríseyjargata 10,https://arnorbl.blog.is/blog/arnorbl/entry/2228017/,65.6864667,-18.0851486,Akureyri,600
: Hríseyjargata 11,https://arnorbl.blog.is/blog/arnorbl/entry/2196848/,65.686426,-18.08559,Akureyri,600
: Hríseyjargata 13,https://arnorbl.blog.is/blog/arnorbl/entry/2226398/,65.6869006,-18.0859549,Akureyri,600
: Hríseyjargata 14,https://arnorbl.blog.is/blog/arnorbl/entry/2226551/,65.687093,-18.085407,Akureyri,600
: Hríseyjargata 15,https://arnorbl.blog.is/blog/arnorbl/entry/2226966/,65.687124,-18.085901,Akureyri,600
: Hríseyjargata 16,https://arnorbl.blog.is/blog/arnorbl/entry/2227099/,65.6872767,-18.0854287,Akureyri,600
: Hríseyjargata 17,https://arnorbl.blog.is/blog/arnorbl/entry/2227292/,65.6872836,-18.0860027,Akureyri,600
: Hríseyjargata 18,https://arnorbl.blog.is/blog/arnorbl/entry/2227460/,65.6874615,-18.0853531,Akureyri,600
: Hríseyjargata 19,https://arnorbl.blog.is/blog/arnorbl/entry/2227623/,65.68746,-18.085847,Akureyri,600
: Hríseyjargata 2,https://arnorbl.blog.is/blog/arnorbl/entry/2196032/,65.6854449,-18.0839283,Akureyri,600
: Hríseyjargata 20,https://arnorbl.blog.is/blog/arnorbl/entry/2227675/,65.687632,-18.0853,Akureyri,600
: Hríseyjargata 22,https://arnorbl.blog.is/blog/arnorbl/entry/2227788/,65.6878117,-18.0853832,Akureyri,600
: Hríseyjargata 3,https://arnorbl.blog.is/blog/arnorbl/entry/1182507/,65.6854427,-18.0844133,Akureyri,600
: Hríseyjargata 5,https://arnorbl.blog.is/blog/arnorbl/entry/1180456/,65.6856067,-18.0846736,Akureyri,600
: Hríseyjargata 6,https://arnorbl.blog.is/blog/arnorbl/entry/1219018/,65.6856,-18.084077,Akureyri,600
: Hríseyjargata 8,https://arnorbl.blog.is/blog/arnorbl/entry/2227942/,65.6863082,-18.084937,Akureyri,600
: Hríseyjargata 9.,https://arnorbl.blog.is/blog/arnorbl/entry/1295739/,65.686272,-18.085397,Akureyri,600
: Hólabraut 12,https://arnorbl.blog.is/blog/arnorbl/entry/2252922/,64.0618192,-21.967423,Akureyri,600
: Hólabraut 15,http://arnorbl.blog.is/blog/arnorbl/entry/2159915/,65.6841757,-18.0936743,Akureyri,600
: Hólabraut 16,https://arnorbl.blog.is/blog/arnorbl/entry/2250712/,65.684554,-18.093637,Akureyri,600
: Hólabraut 18,https://arnorbl.blog.is/blog/arnorbl/entry/2249480/,65.684678,-18.093804,Akureyri,600
: Hólabraut 19,https://arnorbl.blog.is/blog/arnorbl/entry/2249691/,65.6845122,-18.0941605,Akureyri,600
: Hólabraut 20,https://arnorbl.blog.is/blog/arnorbl/entry/2250119/,65.6848522,-18.0939364,Akureyri,600
: Hólabraut 22,https://arnorbl.blog.is/blog/arnorbl/entry/2250440/,65.6850066,-18.0941399,Akureyri,600
: Kaupangsstræti 10,http://www.arnorbl.blog.is/blog/arnorbl/entry/1352186/,,,Akureyri,600
: Kaupvangsstræti 4,https://arnorbl.blog.is/blog/arnorbl/entry/2261490/,65.6810889,-18.0890812,Akureyri,600
: Klapparstígur 1,https://arnorbl.blog.is/blog/arnorbl/entry/2193429/,64.147763,-21.927807,Akureyri,600
: Klapparstígur 3,https://arnorbl.blog.is/blog/arnorbl/entry/2193764/,64.147916,-21.92682,Akureyri,600
: Klapparstígur 5,https://arnorbl.blog.is/blog/arnorbl/entry/2193949/,64.1478431,-21.9274771,Akureyri,600
: Klapparstígur 7,https://arnorbl.blog.is/blog/arnorbl/entry/2194308/,64.1476207,-21.9279049,Akureyri,600
: Klettaborg 1,https://arnorbl.blog.is/blog/arnorbl/entry/2260249/,65.685998,-18.1067811,Akureyri,600
: Klettaborg 2,https://arnorbl.blog.is/blog/arnorbl/entry/2260398/,65.6861356,-18.1072398,Akureyri,600
: Klettaborg 3,https://arnorbl.blog.is/blog/arnorbl/entry/2260522/,65.6859786,-18.1074708,Akureyri,600
: Klettaborg 4,https://arnorbl.blog.is/blog/arnorbl/entry/2260582/,65.6858063,-18.1079182,Akureyri,600
: Kotárgerði 26,https://arnorbl.blog.is/blog/arnorbl/entry/2261125/,34.3154473,-81.5817733,Akureyri,600
: Krabbastígur 1,https://arnorbl.blog.is/blog/arnorbl/entry/2192615/,65.682752,-18.094952,Akureyri,600
: Krabbastígur 2,https://arnorbl.blog.is/blog/arnorbl/entry/2193004/,65.6827242,-18.0950693,Akureyri,600
: Krabbastígur 4,https://arnorbl.blog.is/blog/arnorbl/entry/2193111/,65.6830404,-18.0951737,Akureyri,600
: Laugarborg,https://arnorbl.blog.is/blog/arnorbl/entry/2278561/,65.573398,-18.096039,Eyjafjar�arsveit,605
: Laugargata 1,https://arnorbl.blog.is/blog/arnorbl/entry/2245236/,65.6779299,-18.0943082,Akureyri,600
: Laugargata 2,https://arnorbl.blog.is/blog/arnorbl/entry/2245407/,65.6776588,-18.0949935,Akureyri,600
: Laugargata 3,https://arnorbl.blog.is/blog/arnorbl/entry/2245578/,65.6777424,-18.0941832,Akureyri,600
: Laxagata 2,http://arnorbl.blog.is/blog/arnorbl/entry/1996274/,65.6846647,-18.0926366,Akureyri,600
: Laxagata 3,http://arnorbl.blog.is/blog/arnorbl/entry/2000799/,65.684776,-18.093186,Akureyri,600
: Laxagata 4,http://arnorbl.blog.is/blog/arnorbl/entry/2006150/,65.6848343,-18.0928263,Akureyri,600
: Laxagata 8,http://arnorbl.blog.is/blog/arnorbl/entry/2030140/,65.6851699,-18.0932281,Akureyri,600
: Lundargata 11,https://arnorbl.blog.is/blog/arnorbl/entry/1026369/,65.6849306,-18.089712,Akureyri,600
: Lundargata 13,http://www.arnorbl.blog.is/blog/arnorbl/entry/1346175/,65.6851015,-18.089576,Akureyri,600
: Lundargata 15,https://arnorbl.blog.is/blog/arnorbl/entry/948166/,65.6852121,-18.0897019,Akureyri,600
: Lundargata 2,https://arnorbl.blog.is/blog/arnorbl/entry/906027/,65.6844063,-18.0883264,Akureyri,600
: Lundargata 5,https://arnorbl.blog.is/blog/arnorbl/entry/1108089/,65.6845503,-18.0889505,Akureyri,600
: Lundargata 6,http://www.arnorbl.blog.is/blog/arnorbl/entry/1344219/,65.684746,-18.088636,Akureyri,600
: Lundargata 8,https://arnorbl.blog.is/blog/arnorbl/entry/1159418/,65.684867,-18.08878,Akureyri,600
: Lundargata 9,https://arnorbl.blog.is/blog/arnorbl/entry/1298413/,65.6847928,-18.0893125,Akureyri,600
: Lundur,https://arnorbl.blog.is/blog/arnorbl/entry/1280679/,55.7046601,13.1910073,Akureyri,600
: Lyngholt 10; Lyngholt.,https://arnorbl.blog.is/blog/arnorbl/entry/1214231/,,,Akureyri,600
: Lækjargata 11,http://arnorbl.blog.is/blog/arnorbl/entry/1454111/,64.146126,-21.9379755,Akureyri,600
: Lækjargata 11a,http://arnorbl.blog.is/blog/arnorbl/entry/1463007/,64.146126,-21.9379755,Akureyri,600
: Lækjargata 18 og 22.,https://arnorbl.blog.is/blog/arnorbl/entry/1188259/,64.146126,-21.9379755,Akureyri,600
: Lækjargata 2,https://arnorbl.blog.is/blog/arnorbl/entry/1130989/,64.1472386,-21.9370896,Akureyri,600
: Lækjargata 2b,https://arnorbl.blog.is/blog/arnorbl/entry/2282479/,64.1472386,-21.9370896,Akureyri,600
: Lækjargata 3,https://arnorbl.blog.is/blog/arnorbl/entry/989047/,64.1466428,-21.9361555,Akureyri,600
: Lækjargata 4,https://arnorbl.blog.is/blog/arnorbl/entry/1112787/,64.146809,-21.937444,Akureyri,600
: Lækjargata 6,https://arnorbl.blog.is/blog/arnorbl/entry/917847/,64.1465238,-21.9373741,Akureyri,600
: Lækjargata 7,https://arnorbl.blog.is/blog/arnorbl/entry/1186639/,64.146437,-21.9375053,Akureyri,600
: Lækjargata 9 og 9a,https://arnorbl.blog.is/blog/arnorbl/entry/1187288/,64.146126,-21.9379755,Akureyri,600
: Lögbergsgata 1,http://arnorbl.blog.is/blog/arnorbl/entry/2233660/,65.6802966,-18.0957293,Akureyri,600
: Lögbergsgata 3,http://arnorbl.blog.is/blog/arnorbl/entry/2233801/,65.6802581,-18.0961461,Akureyri,600
: Lögbergsgata 5,http://arnorbl.blog.is/blog/arnorbl/entry/2233978/,65.680216,-18.0966232,Akureyri,600
: Lögbergsgata 7,http://arnorbl.blog.is/blog/arnorbl/entry/2234157/,65.6801712,-18.0969886,Akureyri,600
: Lögbergsgata 9,http://arnorbl.blog.is/blog/arnorbl/entry/2234249/,65.6801506,-18.0974508,Akureyri,600
: Lögmannshlíðarkirkja,http://arnorbl.blog.is/blog/arnorbl/entry/2234533/,65.6771703,-18.1660727,,601
: Minjasafnskirkjan,https://arnorbl.blog.is/blog/arnorbl/entry/983178/,65.6668909,-18.0853656,Akureyri,600
: Munkaþverárstræti 1,https://arnorbl.blog.is/blog/arnorbl/entry/1165394/,65.6818142,-18.095949,Akureyri,600
: Munkaþverárstræti 10,https://arnorbl.blog.is/blog/arnorbl/entry/2200410/,65.6823567,-18.0954559,Akureyri,600
: Munkaþverárstræti 11,https://arnorbl.blog.is/blog/arnorbl/entry/2198491/,65.6827344,-18.0960109,Akureyri,600
: Munkaþverárstræti 12,https://arnorbl.blog.is/blog/arnorbl/entry/2200632/,65.6825319,-18.0954048,Akureyri,600
: Munkaþverárstræti 13,https://arnorbl.blog.is/blog/arnorbl/entry/2198684/,65.6828824,-18.0960392,Akureyri,600
: Munkaþverárstræti 14,https://arnorbl.blog.is/blog/arnorbl/entry/2201263/,65.682709,-18.0954327,Akureyri,600
: Munkaþverárstræti 15,https://arnorbl.blog.is/blog/arnorbl/entry/2202683/,65.683196,-18.096078,Akureyri,600
: Munkaþverárstræti 16,https://arnorbl.blog.is/blog/arnorbl/entry/2199780/,65.6829043,-18.0954129,Akureyri,600
: Munkaþverárstræti 17,https://arnorbl.blog.is/blog/arnorbl/entry/2215478/,65.683358,-18.0962693,Akureyri,600
: Munkaþverárstræti 18,https://arnorbl.blog.is/blog/arnorbl/entry/2214744/,65.6831969,-18.0954784,Akureyri,600
: Munkaþverárstræti 19,https://arnorbl.blog.is/blog/arnorbl/entry/2216085/,65.6835221,-18.0964472,Akureyri,600
: Munkaþverárstræti 2,https://arnorbl.blog.is/blog/arnorbl/entry/2203211/,65.6817212,-18.0954162,Akureyri,600
: Munkaþverárstræti 20,https://arnorbl.blog.is/blog/arnorbl/entry/2216487/,65.6833737,-18.0956619,Akureyri,600
: Munkaþverárstræti 21.,https://arnorbl.blog.is/blog/arnorbl/entry/2216942/,65.6836909,-18.0965872,Akureyri,600
: Munkaþverárstræti 22,https://arnorbl.blog.is/blog/arnorbl/entry/2217293/,65.6835375,-18.0957995,Akureyri,600
: Munkaþverárstræti 23,https://arnorbl.blog.is/blog/arnorbl/entry/2218061/,65.6838468,-18.0968532,Akureyri,600
: Munkaþverárstræti 24,https://arnorbl.blog.is/blog/arnorbl/entry/2218582/,65.6836986,-18.0959292,Akureyri,600
: Munkaþverárstræti 27,https://arnorbl.blog.is/blog/arnorbl/entry/2219727/,65.6842019,-18.0971071,Akureyri,600
: Munkaþverárstræti 28,https://arnorbl.blog.is/blog/arnorbl/entry/2220046/,65.6842136,-18.0964469,Akureyri,600
: Munkaþverárstræti 3,https://arnorbl.blog.is/blog/arnorbl/entry/2197184/,65.6820101,-18.0959598,Akureyri,600
: Munkaþverárstræti 31,https://arnorbl.blog.is/blog/arnorbl/entry/2220581/,65.6844402,-18.0976764,Akureyri,600
: Munkaþverárstræti 32,https://arnorbl.blog.is/blog/arnorbl/entry/2220735/,65.6845371,-18.0968238,Akureyri,600
: Munkaþverárstræti 33,https://arnorbl.blog.is/blog/arnorbl/entry/2220994/,65.684696,-18.097897,Akureyri,600
: Munkaþverárstræti 34,https://arnorbl.blog.is/blog/arnorbl/entry/2221170/,65.6846858,-18.0970783,Akureyri,600
: Munkaþverárstræti 37,https://arnorbl.blog.is/blog/arnorbl/entry/2221863/,65.6850411,-18.0985,Akureyri,600
: Munkaþverárstræti 38,https://arnorbl.blog.is/blog/arnorbl/entry/2222078/,65.6851085,-18.0978705,Akureyri,600
: Munkaþverárstræti 4,https://arnorbl.blog.is/blog/arnorbl/entry/2199425/,65.6818876,-18.0954451,Akureyri,600
: Munkaþverárstræti 40,https://arnorbl.blog.is/blog/arnorbl/entry/2222580/,65.6852276,-18.0981569,Akureyri,600
: Munkaþverárstræti 42,https://arnorbl.blog.is/blog/arnorbl/entry/2222774/,65.6853646,-18.0984255,Akureyri,600
: Munkaþverárstræti 44,https://arnorbl.blog.is/blog/arnorbl/entry/2223002/,65.6855407,-18.098569,Akureyri,600
: Munkaþverárstræti 5,https://arnorbl.blog.is/blog/arnorbl/entry/2197427/,65.6821808,-18.0959512,Akureyri,600
: Munkaþverárstræti 6,https://arnorbl.blog.is/blog/arnorbl/entry/2200016/,65.6820409,-18.0954828,Akureyri,600
: Munkaþverárstræti 7,https://arnorbl.blog.is/blog/arnorbl/entry/2197653/,65.6823528,-18.0959819,Akureyri,600
: Munkaþverárstræti 8,https://arnorbl.blog.is/blog/arnorbl/entry/2199580/,65.6822081,-18.0954415,Akureyri,600
: Munkaþverárstræti 9,https://arnorbl.blog.is/blog/arnorbl/entry/2198032/,65.682556,-18.0959997,Akureyri,600
: Möðruvallastræti 1,http://arnorbl.blog.is/blog/arnorbl/entry/2243610/,65.678568,-18.092442,Akureyri,600
: Möðruvallastræti 10,https://arnorbl.blog.is/blog/arnorbl/entry/2245085/,65.6777717,-18.093317,Akureyri,600
: Möðruvallastræti 1a (,https://arnorbl.blog.is/blog/arnorbl/entry/2207401/,65.678568,-18.092442,Akureyri,600
: Möðruvallastræti 2,https://arnorbl.blog.is/blog/arnorbl/entry/1290718/,65.6785484,-18.0929475,Akureyri,600
: Möðruvallastræti 3,http://arnorbl.blog.is/blog/arnorbl/entry/2243722/,65.6783589,-18.0925227,Akureyri,600
: Möðruvallastræti 4,http://arnorbl.blog.is/blog/arnorbl/entry/2243919/,65.6783387,-18.0930958,Akureyri,600
: Möðruvallastræti 5,http://arnorbl.blog.is/blog/arnorbl/entry/2244070/,65.678179,-18.0926191,Akureyri,600
: Möðruvallastræti 6,https://arnorbl.blog.is/blog/arnorbl/entry/2244302/,65.6781304,-18.0931488,Akureyri,600
: Möðruvallastræti 7,https://arnorbl.blog.is/blog/arnorbl/entry/2244626/,65.6780058,-18.0927309,Akureyri,600
: Möðruvallastræti 8,https://arnorbl.blog.is/blog/arnorbl/entry/2244760/,65.6779616,-18.0932343,Akureyri,600
: Möðruvallastræti 9,https://arnorbl.blog.is/blog/arnorbl/entry/2244951/,65.677813,-18.0928145,Akureyri,600
: Vatnsstígur 4.,https://arnorbl.blog.is/blog/arnorbl/entry/1007013/,64.1455621,-21.9267226,Reykjav�k,101
: Norðurgata  39,https://arnorbl.blog.is/blog/arnorbl/entry/2264432/,65.688118,-18.089779,Akureyri,600
: Norðurgata  6,https://arnorbl.blog.is/blog/arnorbl/entry/1109607/,65.685214,-18.087364,Akureyri,600
: Norðurgata 10,http://www.arnorbl.blog.is/blog/arnorbl/entry/1346196/,65.685567,-18.087697,Akureyri,600
: Norðurgata 11,https://arnorbl.blog.is/blog/arnorbl/entry/2280700/,65.685266,-18.088183,Akureyri,600
: Norðurgata 12.,http://www.arnorbl.blog.is/blog/arnorbl/entry/1346197/,65.685706,-18.087906,Akureyri,600
: Norðurgata 13,https://arnorbl.blog.is/blog/arnorbl/entry/1331394/,65.6853425,-18.088237,Akureyri,600
: Norðurgata 15,https://arnorbl.blog.is/blog/arnorbl/entry/1331395/,65.6855971,-18.0884017,Akureyri,600
: Norðurgata 16,https://arnorbl.blog.is/blog/arnorbl/entry/1155846/,65.685861,-18.088115,Akureyri,600
: Norðurgata 17,https://arnorbl.blog.is/blog/arnorbl/entry/903096/,65.6857661,-18.0886413,Akureyri,600
: Norðurgata 19,http://www.arnorbl.blog.is/blog/arnorbl/entry/1346194/,65.6859635,-18.0889144,Akureyri,600
: Norðurgata 2,https://arnorbl.blog.is/blog/arnorbl/entry/2280424/,65.68496,-18.087085,Akureyri,600
: Norðurgata 26,https://arnorbl.blog.is/blog/arnorbl/entry/1184284/,65.686257,-18.0887567,Akureyri,600
: Norðurgata 28,http://arnorbl.blog.is/blog/arnorbl/entry/1579045/,65.686449,-18.088802,Akureyri,600
: Norðurgata 2b,http://www.arnorbl.blog.is/blog/arnorbl/entry/1352179/,65.6850031,-18.0871253,Akureyri,600
: Norðurgata 3,https://arnorbl.blog.is/blog/arnorbl/entry/1177248/,65.6848435,-18.0874547,Akureyri,600
: Norðurgata 30,http://arnorbl.blog.is/blog/arnorbl/entry/1587633/,65.6866198,-18.0891571,Akureyri,600
: Norðurgata 31,https://arnorbl.blog.is/blog/arnorbl/entry/1172403/,65.6867031,-18.0897369,Akureyri,600
: Norðurgata 32,http://arnorbl.blog.is/blog/arnorbl/entry/1591644/,65.686815,-18.089108,Akureyri,600
: Norðurgata 34,http://arnorbl.blog.is/blog/arnorbl/entry/1591645/,65.686976,-18.089108,Akureyri,600
: Norðurgata 35,http://arnorbl.blog.is/blog/arnorbl/entry/1591646/,65.6873652,-18.0895314,Akureyri,600
: Norðurgata 36,http://arnorbl.blog.is/blog/arnorbl/entry/1600441/,65.687177,-18.089118,Akureyri,600
: Norðurgata 37,http://arnorbl.blog.is/blog/arnorbl/entry/1606913/,65.687582,-18.089467,Akureyri,600
: Norðurgata 38,http://arnorbl.blog.is/blog/arnorbl/entry/1610596/,65.687378,-18.089049,Akureyri,600
: Norðurgata 4,https://arnorbl.blog.is/blog/arnorbl/entry/1109607/,65.6850175,-18.0871417,Akureyri,600
: Norðurgata 40,http://arnorbl.blog.is/blog/arnorbl/entry/1610597/,65.687588,-18.089038,Akureyri,600
: Norðurgata 41,https://arnorbl.blog.is/blog/arnorbl/entry/2264910/,65.688407,-18.089881,Akureyri,600
: Norðurgata 42,https://arnorbl.blog.is/blog/arnorbl/entry/2264207/,65.6881139,-18.0891435,Akureyri,600
: Norðurgata 43,https://arnorbl.blog.is/blog/arnorbl/entry/2265070/,65.688783,-18.090058,Akureyri,600
: Norðurgata 44,https://arnorbl.blog.is/blog/arnorbl/entry/2264737/,65.688299,-18.089152,Akureyri,600
: Norðurgata 45,https://arnorbl.blog.is/blog/arnorbl/entry/2265282/,65.6889547,-18.0902166,Akureyri,600
: Norðurgata 46,https://arnorbl.blog.is/blog/arnorbl/entry/2265684/,65.688452,-18.0892,Akureyri,600
: Norðurgata 47,https://arnorbl.blog.is/blog/arnorbl/entry/2265876/,65.6891401,-18.0901629,Akureyri,600
: Norðurgata 48,https://arnorbl.blog.is/blog/arnorbl/entry/2266005/,65.688657,-18.089275,Akureyri,600
: Norðurgata 49,https://arnorbl.blog.is/blog/arnorbl/entry/2266246/,65.6893208,-18.0902954,Akureyri,600
: Norðurgata 50,https://arnorbl.blog.is/blog/arnorbl/entry/2266386/,65.6886875,-18.0894464,Akureyri,600
: Norðurgata 51,https://arnorbl.blog.is/blog/arnorbl/entry/2266625/,65.6894879,-18.0903297,Akureyri,600
: Norðurgata 52,https://arnorbl.blog.is/blog/arnorbl/entry/2266753/,65.688997,-18.089377,Akureyri,600
: Norðurgata 53,https://arnorbl.blog.is/blog/arnorbl/entry/2266901/,65.6898217,-18.0905293,Akureyri,600
: Norðurgata 54,https://arnorbl.blog.is/blog/arnorbl/entry/2267023/,65.6891928,-18.0894442,Akureyri,600
: Norðurgata 56,https://arnorbl.blog.is/blog/arnorbl/entry/2267145/,65.6893607,-18.0895464,Akureyri,600
: Norðurgata 58,https://arnorbl.blog.is/blog/arnorbl/entry/2267280/,65.6895291,-18.0895384,Akureyri,600
: Norðurgata 60,https://arnorbl.blog.is/blog/arnorbl/entry/2267409/,65.6898355,-18.0896312,Akureyri,600
: Oddagata 1,http://arnorbl.blog.is/blog/arnorbl/entry/2069641/,59.419329,5.268937,Akureyri,600
: Oddagata 11,http://arnorbl.blog.is/blog/arnorbl/entry/2116679/,59.4190368,5.2690964,Akureyri,600
: Oddagata 3,http://arnorbl.blog.is/blog/arnorbl/entry/2083307/,59.419329,5.268937,Akureyri,600
: Oddagata 5,http://arnorbl.blog.is/blog/arnorbl/entry/2097722/,59.419329,5.268937,Akureyri,600
: Oddagata 7,http://arnorbl.blog.is/blog/arnorbl/entry/2106226/,59.419329,5.268937,Akureyri,600
: Oddagata 9,http://arnorbl.blog.is/blog/arnorbl/entry/2097722/,59.419329,5.268937,Akureyri,600
: Oddeyrargata 1,https://arnorbl.blog.is/blog/arnorbl/entry/1139658/,65.683125,-18.0937843,Akureyri,600
: Oddeyrargata 10,http://arnorbl.blog.is/blog/arnorbl/entry/2187323/,65.6826326,-18.0944594,Akureyri,600
: Oddeyrargata 11,http://arnorbl.blog.is/blog/arnorbl/entry/2181298/,65.6820044,-18.0941115,Akureyri,600
: Oddeyrargata 12,http://arnorbl.blog.is/blog/arnorbl/entry/2187088/,65.6824539,-18.0944955,Akureyri,600
: Oddeyrargata 13,http://arnorbl.blog.is/blog/arnorbl/entry/2178793/,65.6818845,-18.0941082,Akureyri,600
: Oddeyrargata 14,http://arnorbl.blog.is/blog/arnorbl/entry/2180254/,65.6822862,-18.094583,Akureyri,600
: Oddeyrargata 15,https://arnorbl.blog.is/blog/arnorbl/entry/1077368/,65.6816879,-18.0941551,Akureyri,600
: Oddeyrargata 16,http://arnorbl.blog.is/blog/arnorbl/entry/2181591/,65.6820982,-18.0946228,Akureyri,600
: Oddeyrargata 17,http://arnorbl.blog.is/blog/arnorbl/entry/2177687/,65.6815098,-18.0942583,Akureyri,600
: Oddeyrargata 19,http://arnorbl.blog.is/blog/arnorbl/entry/2181056/,65.6813332,-18.0942853,Akureyri,600
: Oddeyrargata 22,http://arnorbl.blog.is/blog/arnorbl/entry/2186712/,65.6817916,-18.0947348,Akureyri,600
: Oddeyrargata 23,http://arnorbl.blog.is/blog/arnorbl/entry/2186271/,65.6811008,-18.0943929,Akureyri,600
: Oddeyrargata 26,http://arnorbl.blog.is/blog/arnorbl/entry/2184987/,65.6814126,-18.0950115,Akureyri,600
: Oddeyrargata 3,https://arnorbl.blog.is/blog/arnorbl/entry/1162628/,65.6829815,-18.0937996,Akureyri,600
: Oddeyrargata 30,http://arnorbl.blog.is/blog/arnorbl/entry/2183404/,65.681065,-18.0951198,Akureyri,600
: Oddeyrargata 34,http://arnorbl.blog.is/blog/arnorbl/entry/2176235/,65.6807005,-18.0952223,Akureyri,600
: Oddeyrargata 36,http://arnorbl.blog.is/blog/arnorbl/entry/2184696/,65.68049,-18.095306,Akureyri,600
: Oddeyrargata 38,http://arnorbl.blog.is/blog/arnorbl/entry/2179748/,65.6802804,-18.0953072,Akureyri,600
: Oddeyrargata 4,http://arnorbl.blog.is/blog/arnorbl/entry/2174452/,65.6831896,-18.09436,Akureyri,600
: Oddeyrargata 5,http://arnorbl.blog.is/blog/arnorbl/entry/2187467/,65.6827583,-18.0937747,Akureyri,600
: Oddeyrargata 6,http://arnorbl.blog.is/blog/arnorbl/entry/2172659/,65.6829865,-18.0942913,Akureyri,600
: Oddeyrargata 8,http://arnorbl.blog.is/blog/arnorbl/entry/2182343/,65.6827922,-18.094395,Akureyri,600
: Ránargata 1,http://arnorbl.blog.is/blog/arnorbl/entry/1627889/,64.1491388,-21.9443364,Akureyri,600
: Ránargata 10,http://arnorbl.blog.is/blog/arnorbl/entry/1662065/,64.149581,-21.9454702,Akureyri,600
: Ránargata 12,http://arnorbl.blog.is/blog/arnorbl/entry/1671002/,64.1496387,-21.945765,Akureyri,600
: Ránargata 14,http://arnorbl.blog.is/blog/arnorbl/entry/1671003/,64.1496548,-21.9459409,Akureyri,600
: Ránargata 16,https://arnorbl.blog.is/blog/arnorbl/entry/2267894/,64.149729,-21.946272,Akureyri,600
: Ránargata 17,https://arnorbl.blog.is/blog/arnorbl/entry/2268329/,64.1496638,-21.9469509,Akureyri,600
: Ránargata 18,https://arnorbl.blog.is/blog/arnorbl/entry/2268467/,64.1498909,-21.9466696,Akureyri,600
: Ránargata 19,https://arnorbl.blog.is/blog/arnorbl/entry/2268711/,64.149675,-21.9472755,Akureyri,600
: Ránargata 2.,https://arnorbl.blog.is/blog/arnorbl/entry/1271295/,64.1493549,-21.9441629,Akureyri,600
: Ránargata 20,https://arnorbl.blog.is/blog/arnorbl/entry/2268908/,64.149949,-21.947017,Akureyri,600
: Ránargata 21,https://arnorbl.blog.is/blog/arnorbl/entry/2269308/,64.1497417,-21.9476062,Akureyri,600
: Ránargata 22,https://arnorbl.blog.is/blog/arnorbl/entry/2269502/,64.1499489,-21.9474591,Akureyri,600
: Ránargata 23,https://arnorbl.blog.is/blog/arnorbl/entry/2269691/,64.1498457,-21.9480969,Akureyri,600
: Ránargata 24,https://arnorbl.blog.is/blog/arnorbl/entry/2269910/,64.1500215,-21.9478418,Akureyri,600
: Ránargata 25,https://arnorbl.blog.is/blog/arnorbl/entry/2270122/,64.1498913,-21.9480661,Akureyri,600
: Ránargata 26,https://arnorbl.blog.is/blog/arnorbl/entry/2270289/,64.1500338,-21.947924,Akureyri,600
: Ránargata 27,https://arnorbl.blog.is/blog/arnorbl/entry/2270563/,64.149972,-21.948554,Akureyri,600
: Ránargata 28,https://arnorbl.blog.is/blog/arnorbl/entry/2270890/,64.1501054,-21.9483458,Akureyri,600
: Ránargata 29,https://arnorbl.blog.is/blog/arnorbl/entry/2271016/,64.150042,-21.948978,Akureyri,600
: Ránargata 3,http://arnorbl.blog.is/blog/arnorbl/entry/1633280/,64.1491799,-21.9443819,Akureyri,600
: Ránargata 30,https://arnorbl.blog.is/blog/arnorbl/entry/2271174/,64.150195,-21.948747,Akureyri,600
: Ránargata 31,https://arnorbl.blog.is/blog/arnorbl/entry/2271264/,64.1500934,-21.9493195,Akureyri,600
: Ránargata 4.,http://arnorbl.blog.is/blog/arnorbl/entry/1642662/,64.149357,-21.944265,Akureyri,600
: Ránargata 5,http://arnorbl.blog.is/blog/arnorbl/entry/1647235/,64.149284,-21.9450265,Akureyri,600
: Ránargata 7,http://arnorbl.blog.is/blog/arnorbl/entry/1651280/,64.1493176,-21.9452073,Akureyri,600
: Ránargata 9,http://arnorbl.blog.is/blog/arnorbl/entry/1659872/,64.1493576,-21.9453415,Akureyri,600
: Ráðhústorg 7,https://arnorbl.blog.is/blog/arnorbl/entry/2247973/,65.682581,-18.0904079,Akureyri,600
: Ráðhústorg 9,https://arnorbl.blog.is/blog/arnorbl/entry/2248198/,65.6827149,-18.0905519,Akureyri,600
: Rósenborg,https://arnorbl.blog.is/blog/arnorbl/entry/1000318/,55.6858274,12.5772687,,1350
: Sigurhæðir,https://arnorbl.blog.is/blog/arnorbl/entry/1052354/,63.9387302,-20.9834741,,800
: Skipagata 1,https://arnorbl.blog.is/blog/arnorbl/entry/2248504/,65.682538,-18.090082,Akureyri,600
: Skipagata 12,https://arnorbl.blog.is/blog/arnorbl/entry/2251988/,65.6819005,-18.0894256,Akureyri,600
: Skipagata 14,https://arnorbl.blog.is/blog/arnorbl/entry/2252381/,65.6816625,-18.0893407,Akureyri,600
: Skipagata 16,https://arnorbl.blog.is/blog/arnorbl/entry/2252555/,65.681458,-18.0889747,Akureyri,600
: Skipagata 2,https://arnorbl.blog.is/blog/arnorbl/entry/2248820/,65.6823662,-18.0904469,Akureyri,600
: Skipagata 4,https://arnorbl.blog.is/blog/arnorbl/entry/2250890/,65.6823166,-18.0901962,Akureyri,600
: Skipagata 5,https://arnorbl.blog.is/blog/arnorbl/entry/2249356/,65.682487,-18.089728,Akureyri,600
: Skipagata 6,https://arnorbl.blog.is/blog/arnorbl/entry/2251139/,65.682277,-18.089905,Akureyri,600
: Skipagata 7,https://arnorbl.blog.is/blog/arnorbl/entry/2251326/,65.6825065,-18.0897215,Akureyri,600
: Skipagata 8,https://arnorbl.blog.is/blog/arnorbl/entry/2251439/,65.6822054,-18.0897972,Akureyri,600
: Skipagata 9,https://arnorbl.blog.is/blog/arnorbl/entry/2251615/,65.6825167,-18.0893679,Akureyri,600
: Skólastígur 11,https://arnorbl.blog.is/blog/arnorbl/entry/2247206/,65.6777102,-18.0958566,Akureyri,600
: Skólastígur 13,https://arnorbl.blog.is/blog/arnorbl/entry/2247418/,65.6775919,-18.0962874,Akureyri,600
: Skólastígur 3,https://arnorbl.blog.is/blog/arnorbl/entry/2246333/,65.678286,-18.0940078,Akureyri,600
: Skólastígur 5,https://arnorbl.blog.is/blog/arnorbl/entry/2246605/,65.6781619,-18.094411,Akureyri,600
: Skólastígur 7,https://arnorbl.blog.is/blog/arnorbl/entry/2246734/,65.6779355,-18.0951235,Akureyri,600
: Skólastígur 9,https://arnorbl.blog.is/blog/arnorbl/entry/2246939/,65.6778256,-18.0955192,Akureyri,600
: Sniðgata 2,https://arnorbl.blog.is/blog/arnorbl/entry/2223995/,65.684235,-18.0959395,Akureyri,600
: Sniðgata 3,https://arnorbl.blog.is/blog/arnorbl/entry/2224194/,65.6839045,-18.0958464,Akureyri,600
: Spítalavegur 1,https://arnorbl.blog.is/blog/arnorbl/entry/1066943/,65.6726853,-18.0876463,Akureyri,600
: Spítalavegur 15,https://arnorbl.blog.is/blog/arnorbl/entry/1082823/,65.674252,-18.0898307,Akureyri,600
: Spítalavegur 17,https://arnorbl.blog.is/blog/arnorbl/entry/1306447/,65.674369,-18.0899929,Akureyri,600
: Spítalavegur 19,https://arnorbl.blog.is/blog/arnorbl/entry/1306531/,65.6744952,-18.0901265,Akureyri,600
: Spítalavegur 21,https://arnorbl.blog.is/blog/arnorbl/entry/1307075/,65.6747325,-18.0906913,Akureyri,600
: Spítalavegur 9,https://arnorbl.blog.is/blog/arnorbl/entry/1092947/,65.6731293,-18.0885976,Akureyri,600
: Strandgata,https://arnorbl.blog.is/blog/arnorbl/entry/961168/,59.9104959,10.7499998,Akureyri,600
: Strandgata 11b,https://arnorbl.blog.is/blog/arnorbl/entry/979009/,65.6842654,-18.0866212,Akureyri,600
: Strandgata 12,https://arnorbl.blog.is/blog/arnorbl/entry/1089310/,65.6834522,-18.0871566,Akureyri,600
: Strandgata 13b,http://arnorbl.blog.is/blog/arnorbl/entry/2239600/,65.6842661,-18.0866179,Akureyri,600
: Strandgata 17,https://arnorbl.blog.is/blog/arnorbl/entry/993657/,64.069226,-21.956194,Akureyri,600
: Strandgata 19,https://arnorbl.blog.is/blog/arnorbl/entry/1177506/,59.9101909,10.7493986,Akureyri,600
: Strandgata 19b,https://arnorbl.blog.is/blog/arnorbl/entry/1106637/,64.0691695,-21.9563949,Akureyri,600
: Strandgata 21,https://arnorbl.blog.is/blog/arnorbl/entry/1027952/,64.0689831,-21.9561281,Akureyri,600
: Strandgata 23,https://arnorbl.blog.is/blog/arnorbl/entry/2280973/,64.0687278,-21.9557119,Akureyri,600
: Strandgata 25,https://arnorbl.blog.is/blog/arnorbl/entry/1307758/,64.0686755,-21.9556796,Akureyri,600
: Strandgata 25b,https://arnorbl.blog.is/blog/arnorbl/entry/1308513/,64.0686755,-21.9556796,Akureyri,600
: Strandgata 27,https://arnorbl.blog.is/blog/arnorbl/entry/943854/,64.0685918,-21.9554962,Akureyri,600
: Strandgata 29,https://arnorbl.blog.is/blog/arnorbl/entry/1311887/,65.6847224,-18.0863067,Akureyri,600
: Strandgata 3,https://arnorbl.blog.is/blog/arnorbl/entry/2264130/,59.4060241,5.277243,Akureyri,600
: Strandgata 31.,https://arnorbl.blog.is/blog/arnorbl/entry/1311887/,64.0683257,-21.9550804,Akureyri,600
: Strandgata 33,https://arnorbl.blog.is/blog/arnorbl/entry/1151794/,65.6848358,-18.0857922,Akureyri,600
: Strandgata 35,https://arnorbl.blog.is/blog/arnorbl/entry/1004709/,64.0680005,-21.9549779,Akureyri,600
: Strandgata 37,https://arnorbl.blog.is/blog/arnorbl/entry/1307759/,65.685276,-18.0823109,Akureyri,600
: Strandgata 39,https://arnorbl.blog.is/blog/arnorbl/entry/1307760/,65.6851965,-18.084211,Akureyri,600
: Strandgata 41,https://arnorbl.blog.is/blog/arnorbl/entry/1307761/,65.6852869,-18.0836748,Akureyri,600
: Strandgata 43,https://arnorbl.blog.is/blog/arnorbl/entry/1307762/,65.6853615,-18.0831721,Akureyri,600
: Strandgata 45.,https://arnorbl.blog.is/blog/arnorbl/entry/1307763/,65.685418,-18.0826817,Akureyri,600
: Strandgata 49;,https://arnorbl.blog.is/blog/arnorbl/entry/2284816/,65.6855411,-18.0811628,Akureyri,600
: Strandgata 51,http://arnorbl.blog.is/blog/arnorbl/entry/2240063/,64.0661802,-21.95438,Akureyri,600
: Strandgata 53,http://arnorbl.blog.is/blog/arnorbl/entry/2240422/,64.0653721,-21.9551552,Akureyri,600
: Strandgata 6,http://arnorbl.blog.is/blog/arnorbl/entry/2239841/,59.9113616,10.7500686,Akureyri,600
: Strandgata 7,https://arnorbl.blog.is/blog/arnorbl/entry/2279992/,59.4063068,5.2769369,Akureyri,600
: Strandgata 9,https://arnorbl.blog.is/blog/arnorbl/entry/977131/,59.4064418,5.2767878,Akureyri,600
: Sólgarður,https://arnorbl.blog.is/blog/arnorbl/entry/2279484/,64.1356811,-21.9517113,Akureyri,600
: Sómastaðir,https://arnorbl.blog.is/blog/arnorbl/entry/1306283/,65.0363903,-14.1079252,Akureyri,600
: Ægisgata 1,http://arnorbl.blog.is/blog/arnorbl/entry/1680276/,64.1506521,-21.9452558,Akureyri,600
: Ægisgata 10,http://arnorbl.blog.is/blog/arnorbl/entry/1704835/,64.150082,-21.94633,Akureyri,600
: Ægisgata 11,http://arnorbl.blog.is/blog/arnorbl/entry/1704836/,64.150007,-21.945826,Akureyri,600
: Ægisgata 12,http://arnorbl.blog.is/blog/arnorbl/entry/1704851/,64.1498958,-21.946613,Akureyri,600
: Ægisgata 13,http://arnorbl.blog.is/blog/arnorbl/entry/1704852/,64.1499102,-21.9460852,Akureyri,600
: Ægisgata 14.,https://arnorbl.blog.is/blog/arnorbl/entry/1143107/,64.149602,-21.946872,Akureyri,600
: Ægisgata 15,https://arnorbl.blog.is/blog/arnorbl/entry/2271532/,64.1497162,-21.9461786,Akureyri,600
: Ægisgata 16,https://arnorbl.blog.is/blog/arnorbl/entry/2271867/,64.1494322,-21.9471048,Akureyri,600
: Ægisgata 17,https://arnorbl.blog.is/blog/arnorbl/entry/2272036/,64.1495049,-21.9463,Akureyri,600
: Ægisgata 18,https://arnorbl.blog.is/blog/arnorbl/entry/2272169/,64.1491821,-21.9473766,Akureyri,600
: Ægisgata 19,https://arnorbl.blog.is/blog/arnorbl/entry/2272323/,64.149226,-21.9470195,Akureyri,600
: Ægisgata 2,http://arnorbl.blog.is/blog/arnorbl/entry/1690509/,64.1507162,-21.9459925,Akureyri,600
: Ægisgata 20,https://arnorbl.blog.is/blog/arnorbl/entry/2272445/,64.1490594,-21.9475313,Akureyri,600
: Ægisgata 21,https://arnorbl.blog.is/blog/arnorbl/entry/2272610/,64.1490067,-21.9468602,Akureyri,600
: Ægisgata 22,https://arnorbl.blog.is/blog/arnorbl/entry/2272786/,64.148945,-21.947532,Akureyri,600
: Ægisgata 23,https://arnorbl.blog.is/blog/arnorbl/entry/2272908/,64.1488421,-21.9470123,Akureyri,600
: Ægisgata 24,https://arnorbl.blog.is/blog/arnorbl/entry/2273009/,64.148692,-21.947736,Akureyri,600
: Ægisgata 25,https://arnorbl.blog.is/blog/arnorbl/entry/2273168/,64.1487323,-21.9474759,Akureyri,600
: Ægisgata 26,https://arnorbl.blog.is/blog/arnorbl/entry/2273302/,64.1485505,-21.9480428,Akureyri,600
: Ægisgata 27,https://arnorbl.blog.is/blog/arnorbl/entry/2273395/,64.1484128,-21.9474422,Akureyri,600
: Ægisgata 28,https://arnorbl.blog.is/blog/arnorbl/entry/2273474/,64.1485372,-21.9479701,Akureyri,600
: Ægisgata 29,https://arnorbl.blog.is/blog/arnorbl/entry/2273511/,64.1483949,-21.9473444,Akureyri,600
: Ægisgata 3,http://arnorbl.blog.is/blog/arnorbl/entry/1694083/,64.1506521,-21.9452558,Akureyri,600
: Ægisgata 30,https://arnorbl.blog.is/blog/arnorbl/entry/2273587/,64.1485372,-21.9479701,Akureyri,600
: Ægisgata 31,https://arnorbl.blog.is/blog/arnorbl/entry/2273616/,64.1483949,-21.9473444,Akureyri,600
: Ægisgata 4,http://arnorbl.blog.is/blog/arnorbl/entry/1697442/,64.1507163,-21.9459927,Akureyri,600
: Ægisgata 5,http://arnorbl.blog.is/blog/arnorbl/entry/1700120/,64.1506521,-21.9452556,Akureyri,600
: Ægisgata 6,http://arnorbl.blog.is/blog/arnorbl/entry/1700121/,64.1504744,-21.9459848,Akureyri,600
: Ægisgata 7,http://arnorbl.blog.is/blog/arnorbl/entry/1700122/,64.1504903,-21.945573,Akureyri,600
: Ægisgata 8,http://arnorbl.blog.is/blog/arnorbl/entry/1700123/,64.1503261,-21.946171,Akureyri,600
: Þingvallastræti 10,http://arnorbl.blog.is/blog/arnorbl/entry/2175460/,65.6798583,-18.09708,Akureyri,600
: Þingvallastræti 12,http://arnorbl.blog.is/blog/arnorbl/entry/2175487/,65.6798092,-18.0974626,Akureyri,600
: Þingvallastræti 14,http://arnorbl.blog.is/blog/arnorbl/entry/2175488/,65.6797621,-18.0980201,Akureyri,600
: Þingvallastræti 16,http://arnorbl.blog.is/blog/arnorbl/entry/2234778/,65.6796816,-18.0986107,Akureyri,600
: Þingvallastræti 18,https://arnorbl.blog.is/blog/arnorbl/entry/2245687/,65.6796843,-18.0992159,Akureyri,600
: Þingvallastræti 2,https://arnorbl.blog.is/blog/arnorbl/entry/1197749/,65.6800004,-18.0954337,Akureyri,600
: Þingvallastræti 25,https://arnorbl.blog.is/blog/arnorbl/entry/1280084/,65.6792519,-18.1024477,Akureyri,600
: Þingvallastræti 4,http://arnorbl.blog.is/blog/arnorbl/entry/2175457/,65.67974,-18.09725,Akureyri,600
: Þingvallastræti 6,http://arnorbl.blog.is/blog/arnorbl/entry/2175458/,65.6799227,-18.0962667,Akureyri,600
: Þingvallastræti 8,http://arnorbl.blog.is/blog/arnorbl/entry/2175459/,65.6797191,-18.096586,Akureyri,600
: Þorsteinsskáli,https://arnorbl.blog.is/blog/arnorbl/entry/1079891/,65.1927254,-16.2226141,,660
: Þórunnarstræti 89,http://arnorbl.blog.is/blog/arnorbl/entry/1829376/,65.676289,-18.0986117,Akureyri,600
: Þórunnarstræti 97,http://arnorbl.blog.is/blog/arnorbl/entry/1824245/,65.6777044,-18.0990473,Akureyri,600
:Norðurtangi 1,http://arnorbl.blog.is/blog/arnorbl/entry/2233536/,65.6929148,-18.0966187,Akureyri,600
Aðalstræti 10 ,https://arnorbl.blog.is/blog/arnorbl/entry/1087390/,64.1477901,-21.9422891,Akureyri,600
Brekkugata 10 og 31,https://arnorbl.blog.is/blog/arnorbl/entry/1079058/,,,Akureyri,600
Brekkugata 23-29,https://arnorbl.blog.is/blog/arnorbl/entry/1123859/,65.684189,-18.0951832,Akureyri,600
Brunná,https://arnorbl.blog.is/blog/arnorbl/entry/2262008/,59.504909,17.752338,Akureyri,600
Eiðsvallagata 14 ,http://www.arnorbl.blog.is/blog/arnorbl/entry/1544772/,65.685872,-18.089167,Akureyri,600
Eiðsvallagata 7,https://arnorbl.blog.is/blog/arnorbl/entry/1271295/,65.6865578,-18.0869865,Akureyri,600
Eyrarlandsvegur 16,https://arnorbl.blog.is/blog/arnorbl/entry/1288145/,65.6784404,-18.0917669,Akureyri,600
"Fjósið, íþróttahús MA",https://arnorbl.blog.is/blog/arnorbl/entry/1192603/,65.6760859,-18.0939876,Akureyri,600
Galtalækur,https://arnorbl.blog.is/blog/arnorbl/entry/2262190/,64.1343126,-21.875925,Akureyri,600
Gamli Skóli,https://arnorbl.blog.is/blog/arnorbl/entry/1033075/,,,Akureyri,600
Grundargata 5 ,https://arnorbl.blog.is/blog/arnorbl/entry/1303267/,64.922304,-23.254673,Akureyri,600
Hafnarstræti 18,https://arnorbl.blog.is/blog/arnorbl/entry/2281688/,65.6728139,-18.0855315,Akureyri,600
Hafnarstræti 31,https://arnorbl.blog.is/blog/arnorbl/entry/1316691/,65.6740943,-18.0882471,Akureyri,600
Hafnarstræti 39,https://arnorbl.blog.is/blog/arnorbl/entry/1316967/,65.6747189,-18.088708,Akureyri,600
"Hafnarstræti 53,https://arnorbl.blog.is/blog/arnorbl/entry/929658/,,,
Hafnarstræti 57",https://arnorbl.blog.is/blog/arnorbl/entry/928582/,65.6765246,-18.0900179,Akureyri,600
Hafnarstræti 63,https://arnorbl.blog.is/blog/arnorbl/entry/1183538/,65.6776938,-18.0898597,Akureyri,600
Hafnarstræti 83,https://arnorbl.blog.is/blog/arnorbl/entry/2258779/,65.680144,-18.089297,Akureyri,600
Hafnarstræti 85,https://arnorbl.blog.is/blog/arnorbl/entry/1207632/,65.6802831,-18.0892933,Akureyri,600
Hafnarstræti 99,https://arnorbl.blog.is/blog/arnorbl/entry/1135290/,65.681524,-18.090756,Akureyri,600
Hamrar 1,https://arnorbl.blog.is/blog/arnorbl/entry/1304618/,65.6480138,-18.1050112,Akureyri,601
Helgamagrastræti 17,http://arnorbl.blog.is/blog/arnorbl/entry/2237627/,65.6817042,-18.0987927,Akureyri,600
Hrafnagilsstræti 2,https://arnorbl.blog.is/blog/arnorbl/entry/2189915/,65.6776069,-18.0928967,Akureyri,600
Hólabraut 12,https://arnorbl.blog.is/blog/arnorbl/entry/2252922/,64.0618192,-21.967423,Akureyri,600
Hólabraut 15,http://arnorbl.blog.is/blog/arnorbl/entry/2159915/,65.6841757,-18.0936743,Akureyri,600
Silfurgata 2,https://arnorbl.blog.is/blog/arnorbl/entry/1253561/,66.0726559,-23.1187473,�safj�r�ur,400
Smiðjugata 2,https://arnorbl.blog.is/blog/arnorbl/entry/1257120/,66.0716519,-23.1175172,�safj�r�ur,400
Krókur 1,https://arnorbl.blog.is/blog/arnorbl/entry/1262074/,66.0793304,-23.1249424,Neskaupssta�ur,400
"Norska húsið Stykkishólmi.""",https://arnorbl.blog.is/blog/arnorbl/entry/1263261/,65.0772081,-22.7268666,Stykkish�lmur,340
Silfurgata 8,https://arnorbl.blog.is/blog/arnorbl/entry/1254731/,66.0723651,-23.1174242,�safj�r�ur,400
Túngata 3,https://arnorbl.blog.is/blog/arnorbl/entry/1256219/,63.839734,-22.436635,�safj�r�ur,400
Fróðasund 10a,https://arnorbl.blog.is/blog/arnorbl/entry/1118589/,65.6854673,-18.089032,Akureyri,600
Hafnarstræti 18b,https://arnorbl.blog.is/blog/arnorbl/entry/1231455/,65.6728139,-18.0855315,Akureyri,600
Þingvallastræti 21,https://arnorbl.blog.is/blog/arnorbl/entry/2260960/,65.6790912,-18.1005439,Akureyri,600
Hafnarstræti 94,https://arnorbl.blog.is/blog/arnorbl/entry/937013/,65.681138,-18.089265,Akureyri,600
Norðurvegur 3,http://arnorbl.blog.is/blog/arnorbl/entry/2230585/,65.9788023,-18.3750527,Hr�sey,630
Kaupangsstræti 10,http://www.arnorbl.blog.is/blog/arnorbl/entry/1352186/,,,Akureyri,600
Kotárgerði 26,https://arnorbl.blog.is/blog/arnorbl/entry/2261125/,65.6828221,-18.1107987,Akureyri,600
"Hafnarstræti 11""",https://arnorbl.blog.is/blog/arnorbl/entry/924390/,65.671894,-18.08615,Akureyri,600
Lækjargata 2,https://arnorbl.blog.is/blog/arnorbl/entry/1130989/,64.1472386,-21.9370896,Akureyri,600
Strandgata 12,https://arnorbl.blog.is/blog/arnorbl/entry/1089310/,65.6834522,-18.0871566,Akureyri,600
Möðruvallastræti 1a,https://arnorbl.blog.is/blog/arnorbl/entry/2207401/,65.678568,-18.092442,Akureyri,600
"Vatnsstígur 4.""",https://arnorbl.blog.is/blog/arnorbl/entry/1007013/,64.1455621,-21.9267226,Reykjav�k,101
Norðurgata 4,https://arnorbl.blog.is/blog/arnorbl/entry/1109607/,65.6850175,-18.0871417,Akureyri,600
Oddagata 5,http://arnorbl.blog.is/blog/arnorbl/entry/2097722/,59.419329,5.268937,Akureyri,600
Oddeyrargata 15,https://arnorbl.blog.is/blog/arnorbl/entry/1077368/,65.6816879,-18.0941551,Akureyri,600
Geislagata 9,https://arnorbl.blog.is/blog/arnorbl/entry/2263318/,65.6840596,-18.0918222,Akureyri,600
Rósenborg,https://arnorbl.blog.is/blog/arnorbl/entry/1000318/,55.6858274,12.5772687,Akureyri,600
Skipagata 14,https://arnorbl.blog.is/blog/arnorbl/entry/2252381/,65.6816625,-18.0893407,Akureyri,600
Strandgata 25,https://arnorbl.blog.is/blog/arnorbl/entry/1307758/,64.0686755,-21.9556796,Akureyri,600
Strandgata 29.,https://arnorbl.blog.is/blog/arnorbl/entry/1311887/,65.6847224,-18.0863067,Akureyri,600
Strandgata 3 ,https://arnorbl.blog.is/blog/arnorbl/entry/2264130/,65.6837911,-18.0886154,Akureyri,600
Strandgata 49,https://arnorbl.blog.is/blog/arnorbl/entry/2284816/,65.6855411,-18.0811628,Akureyri,600
Strandgata 4,https://arnorbl.blog.is/blog/arnorbl/entry/961168/,59.9113893,10.7500061,Akureyri,600
Strandgata 9,https://arnorbl.blog.is/blog/arnorbl/entry/977131/,65.6837911,-18.0886154,Akureyri,600
Sunnuhlíð 17,https://arnorbl.blog.is/blog/arnorbl/entry/2226691/,65.6914741,-18.1262496,Akureyri,603
Lækjargata 4,https://www.akureyri.net/is/flokkur/hus-dagsins/hus-dagsins-laekjargata-4,64.146809,-21.937444,Akureyri,600
Lækjargata 2b,https://www.akureyri.net/is/flokkur/hus-dagsins/hus-dagsins-laekjargata-2b,64.1472386,-21.9370896,Akureyri,600
Lundargata 15,https://www.akureyri.net/is/flokkur/hus-dagsins/hus-dagsins-lundargata-15,65.6852121,-18.0897019,Akureyri,600
Lundargata 2,https://www.akureyri.net/is/flokkur/hus-dagsins/hus-dagsins-lundargata-2,65.6844063,-18.0883264,Akureyri,600
Lækjargata 6,https://www.akureyri.net/is/flokkur/hus-dagsins/hus-dagsins-laekjargata-6,64.1465238,-21.9373741,Akureyri,600
Norðurgata 2,https://www.akureyri.net/is/flokkur/hus-dagsins/hus-dagsins-nordurgata-2,65.68496,-18.087085,Akureyri,600
"Norðurgata 17,https://www.akureyri.net/is/flokkur/hus-dagsins/hus-dagsins-nordurgata-17-gamla-prentsmidjan-steinhusid,,,
Strandgata 7,https://www.akureyri.net/is/flokkur/hus-dagsins/hus-dagsins-strandgata-7,,,
Sólgarður,https://www.akureyri.net/is/flokkur/hus-dagsins/hus-dagsins-solgardur-i-fyrrum-saurbaejarhreppi,,,
Þinghúsið á Hrafnagili,https://www.akureyri.net/is/flokkur/hus-dagsins/hus-dagsins-thinghusid-a-hrafnagili,,,
Laugarborg,https://www.akureyri.net/is/flokkur/hus-dagsins/hus-dagsins-laugarborg,,,
Sundlaug Akureyrar,https://www.akureyri.net/is/flokkur/hus-dagsins/hus-dagsins-sundlaug-akureyrar,,,
Eyrarvegur 1,https://www.akureyri.net/is/flokkur/hus-dagsins/hus-dagsins-eyrarvegur-1-3,,,
Freyvangur,https://www.akureyri.net/is/flokkur/hus-dagsins/hus-dagsins-freyvangur,,,
Hafnarstræti 53,https://www.akureyri.net/is/flokkur/hus-dagsins/hus-dagsins-gamli-barnaskolinn-hafnarstraeti-53,,,
Eyrarlandsvegur 35,https://www.akureyri.net/is/flokkur/hus-dagsins/hus-dagsins-eyrarlandsvegur-35-fagrastraeti-1,,,
Eyrarlandsvegur 28,https://www.akureyri.net/is/flokkur/hus-dagsins/hus-dagsins-gamli-skoli-eyrarlandsvegur-28,,,
Spítalavegur 9,https://www.akureyri.net/is/flokkur/hus-dagsins/hus-dagsins-spitalavegur-9,,,
Eyrarlandsvegur 26,https://www.akureyri.net/is/flokkur/hus-dagsins/hus-dagsins-eyrarlandsvegur-26-breidablik,,,
Spítalavegur 15,https://www.akureyri.net/is/flokkur/hus-dagsins/hus-dagsins-spitalavegur-15,,,
Eyrarlandsvegur 8,https://www.akureyri.net/is/flokkur/hus-dagsins/hus-dagsins-eyrarlandsvegur-8-aesustadir,,,
Strandgata 19,https://www.akureyri.net/is/flokkur/hus-dagsins/hus-dagsins-strandgata-19-b-laxamyri,,,
Munkaþverárkirkja,https://www.akureyri.net/is/flokkur/hus-dagsins/hus-dagsins-munkathverarkirkja,,,
Kaupangskirkja,https://www.akureyri.net/is/flokkur/hus-dagsins/hus-dagsins-kaupangskirkja,,,
Möðruvallakirkja,https://www.akureyri.net/is/flokkur/hus-dagsins/hus-dagsins-modruvallakirkja,,,
Hólakirkja,https://www.akureyri.net/is/flokkur/hus-dagsins/hus-dagsins-holakirkja,,,
Saurbæjarkirkja,https://www.akureyri.net/is/flokkur/hus-dagsins/hus-dagsins-saurbaejarkirkja,,,
Brekkugata 3,https://www.akureyri.net/is/flokkur/hus-dagsins/hus-dagsins-brekkugata-3,,,
Grundargata 3,https://www.akureyri.net/is/flokkur/hus-dagsins/hus-dagsins-grundargata-3,,,
Gamla Gróðrarstöðin á Krókeyri,https://www.akureyri.net/is/flokkur/hus-dagsins/hus-dagsins-gamla-grodrarstodin-a-krokeyri,,,
Litli-Hvammur,https://www.akureyri.net/is/flokkur/hus-dagsins/hus-dagsins-litli-hvammur,,,
Hvassafell,https://www.akureyri.net/is/flokkur/hus-dagsins/hus-dagsins-hvassafell,,,
Leifsstaðir,https://www.akureyri.net/is/flokkur/hus-dagsins/hus-dagsins-leifsstadir,,,
Kaupangur,https://www.akureyri.net/is/flokkur/hus-dagsins/hus-dagsins-kaupangur,,,
",,65.6834474,-18.09049,Akureyri,600
